1414-370-1,Day-Date  Certified Pre-Owned,1999,18348,36,65000,"Grossular
sales guarantee (original), sales box (original)",https://www.bucherer.com/rolex-certified-pre-owned/watches/day-date/1414-370-1.html
1414-372-3,Day-Date  Certified Pre-Owned,2001,118209,36,31000,sales box (original),https://www.bucherer.com/rolex-certified-pre-owned/watches/day-date/1414-372-3.html
1414-371-2,Day-Date  Certified Pre-Owned,2007,118239,36,32000,"Mother-of-pearl
sales guarantee (original)",https://www.bucherer.com/rolex-certified-pre-owned/watches/day-date/1414-371-2.html
1414-296-8,Submariner Date  Certified Pre-Owned,2016,116613,40,16000,"Black
sales guarantee (original), sales box (original)",https://www.bucherer.com/rolex-certified-pre-owned/watches/submariner-date/1414-296-8.html
1414-295-7,Submariner Date  Certified Pre-Owned,2016,116610,40,14500,"Black
sales guarantee (original), sales box (original)",https://www.bucherer.com/rolex-certified-pre-owned/watches/submariner-date/1414-295-7.html
1414-285-5,Yacht-Master  Certified Pre-Owned,2008,16622,40,13200,"Silver
sales guarantee (original), sales box (original)",https://www.bucherer.com/rolex-certified-pre-owned/watches/yacht-master/1414-285-5.html
1414-286-6,Day-Date  Certified Pre-Owned,1994,18238,36,21000,Champagne,https://www.bucherer.com/rolex-certified-pre-owned/watches/day-date/1414-286-6.html
1414-292-4,Explorer II  Certified Pre-Owned,2011,216570,42,11600,sales box (original),https://www.bucherer.com/rolex-certified-pre-owned/watches/explorer-ii/1414-292-4.html
1414-293-5,Datejust  Certified Pre-Owned,2006,116234,36,10200,Silver,https://www.bucherer.com/rolex-certified-pre-owned/watches/datejust/1414-293-5.html
1414-290-2,Explorer  Certified Pre-Owned,2011,214270,39,9900,"Black
sales guarantee (original)",https://www.bucherer.com/rolex-certified-pre-owned/watches/explorer/1414-290-2.html
1414-288-8,GMT-Master II  Certified Pre-Owned,2018,116710,40,18500,Black,https://www.bucherer.com/rolex-certified-pre-owned/watches/gmt-master-ii/1414-288-8.html
1414-287-7,Datejust  Certified Pre-Owned,2011,116334,41,12000,Black,https://www.bucherer.com/rolex-certified-pre-owned/watches/datejust/1414-287-7.html
1414-275-3,Datejust  Certified Pre-Owned,1992,16233,36,8000,Champagne,https://www.bucherer.com/rolex-certified-pre-owned/watches/datejust/1414-275-3.html
1414-273-1,Submariner Date  Certified Pre-Owned,1991,16610,40,10500,Black,https://www.bucherer.com/rolex-certified-pre-owned/watches/submariner-date/1414-273-1.html
1414-274-2,Datejust  Certified Pre-Owned,2016,116333,41,15500,"Champagne
sales guarantee (original), sales box (original)",https://www.bucherer.com/rolex-certified-pre-owned/watches/datejust/1414-274-2.html
1414-281-1,Datejust  Certified Pre-Owned,1990,16233,36,8400,"Champagne
sales guarantee (original)",https://www.bucherer.com/rolex-certified-pre-owned/watches/datejust/1414-281-1.html
1414-276-4,Datejust  Certified Pre-Owned,1987,69173,26,7500,Grey,https://www.bucherer.com/rolex-certified-pre-owned/watches/datejust/1414-276-4.html
1414-271-9,Sea-Dweller  Certified Pre-Owned,2003,16600,40,11100,sales box (original),https://www.bucherer.com/rolex-certified-pre-owned/watches/sea-dweller/1414-271-9.html
1414-263-9,Sea-Dweller  Certified Pre-Owned,1992,16600,40,11000,Black,https://www.bucherer.com/rolex-certified-pre-owned/watches/sea-dweller/1414-263-9.html
1414-270-8,Submariner  Certified Pre-Owned,2013,114060,40,13900,"Black
sales guarantee (original)",https://www.bucherer.com/rolex-certified-pre-owned/watches/submariner/1414-270-8.html
1414-269-5,Submariner  Certified Pre-Owned,2018,114060,40,13900,"Black
sales guarantee (original)",https://www.bucherer.com/rolex-certified-pre-owned/watches/submariner/1414-269-5.html
1414-262-8,Datejust  Certified Pre-Owned,1993,16220,36,7700,"Silver
sales guarantee (original), sales box (original)",https://www.bucherer.com/rolex-certified-pre-owned/watches/datejust/1414-262-8.html
1414-258-2,Datejust  Certified Pre-Owned,2010,116234,36,10000,White,https://www.bucherer.com/rolex-certified-pre-owned/watches/datejust/1414-258-2.html
1414-261-7,Yacht-Master  Certified Pre-Owned,2005,16622,40,12700,"Silver
sales guarantee (original)",https://www.bucherer.com/rolex-certified-pre-owned/watches/yacht-master/1414-261-7.html
1414-257-1,Datejust  Certified Pre-Owned,2008,116234,36,10000,Black,https://www.bucherer.com/rolex-certified-pre-owned/watches/datejust/1414-257-1.html
1414-259-3,Datejust  Certified Pre-Owned,2007,116234,36,10000,White,https://www.bucherer.com/rolex-certified-pre-owned/watches/datejust/1414-259-3.html
1414-260-6,Datejust  Certified Pre-Owned,1993,16220,36,7200,Silver,https://www.bucherer.com/rolex-certified-pre-owned/watches/datejust/1414-260-6.html
1414-134-1,Cosmograph Daytona  Certified Pre-Owned,1994,16520,40,38000,White,https://www.bucherer.com/rolex-certified-pre-owned/watches/cosmograph-daytona/1414-134-1.html
1414-071-3,Datejust  Certified Pre-Owned,2010,116233,36,13500,"Champagne
sales guarantee (original)",https://www.bucherer.com/rolex-certified-pre-owned/watches/datejust/1414-071-3.html
1414-075-7,Datejust  Certified Pre-Owned,,116300,41,10300,Blue,https://www.bucherer.com/rolex-certified-pre-owned/watches/datejust/1414-075-7.html
1414-061-1,Submariner  Certified Pre-Owned,,114060,40,13500,Black,https://www.bucherer.com/rolex-certified-pre-owned/watches/submariner/1414-061-1.html
1414-054-2,Air-King  Certified Pre-Owned,,116900,40,11000,"Black
sales guarantee (original), sales box (original)",https://www.bucherer.com/rolex-certified-pre-owned/watches/air-king/1414-054-2.html
1414-058-6,GMT-Master II  Certified Pre-Owned,1990,16718,40,34000,sales box (original),https://www.bucherer.com/rolex-certified-pre-owned/watches/gmt-master-ii/1414-058-6.html
1414-069-9,Datejust  Certified Pre-Owned,2006,116200,36,8500,Black,https://www.bucherer.com/rolex-certified-pre-owned/watches/datejust/1414-069-9.html
1414-062-2,Deepsea  Certified Pre-Owned,,116660,44,17500,"Black
sales guarantee (original), sales box (original)",https://www.bucherer.com/rolex-certified-pre-owned/watches/deepsea/1414-062-2.html
1414-057-5,Cosmograph Daytona  Certified Pre-Owned,2008,116520,40,26500,"White
sales guarantee (original), sales box (original)",https://www.bucherer.com/rolex-certified-pre-owned/watches/cosmograph-daytona/1414-057-5.html
1414-055-3,Submariner  Certified Pre-Owned,2004,14060,40,10000,Black,https://www.bucherer.com/rolex-certified-pre-owned/watches/submariner/1414-055-3.html
1414-037-1,Date  Certified Pre-Owned,1996,15210,34,6400,"White
sales guarantee (original)",https://www.bucherer.com/rolex-certified-pre-owned/watches/date/1414-037-1.html
1414-048-4,Sky-Dweller  Certified Pre-Owned,,326939,42,41600,sales box (original),https://www.bucherer.com/rolex-certified-pre-owned/watches/sky-dweller/1414-048-4.html
1413-961-4,Datejust  Certified Pre-Owned,1987,16013,36,7600,"Champagne
sales guarantee (original)",https://www.bucherer.com/rolex-certified-pre-owned/watches/datejust/1413-961-4.html
1414-046-2,Day-Date  Certified Pre-Owned,2282,228239,40,45000,"Blue
sales guarantee (original), sales box (original)",https://www.bucherer.com/rolex-certified-pre-owned/watches/day-date/1414-046-2.html
1414-051-9,Explorer  Certified Pre-Owned,1999,14270,36,8000,Black,https://www.bucherer.com/rolex-certified-pre-owned/watches/explorer/1414-051-9.html
1413-999-8,Submariner Date  Certified Pre-Owned,1986,16800,40,13500,Black,https://www.bucherer.com/rolex-certified-pre-owned/watches/submariner-date/1413-999-8.html
1414-049-5,GMT-Master  Certified Pre-Owned,1999,16700,40,15000,Black,https://www.bucherer.com/rolex-certified-pre-owned/watches/gmt-master/1414-049-5.html
1414-047-3,Date  Certified Pre-Owned,2007,115200,34,7300,sales box (original),https://www.bucherer.com/rolex-certified-pre-owned/watches/date/1414-047-3.html
1413-946-5,Submariner Date  Certified Pre-Owned,2005,16610,40,10900,"Black
sales guarantee (original)",https://www.bucherer.com/rolex-certified-pre-owned/watches/submariner-date/1413-946-5.html
1413-949-8,Cosmograph Daytona  Certified Pre-Owned,,116500,40,32000,"Black
sales guarantee (original), sales box (original)",https://www.bucherer.com/rolex-certified-pre-owned/watches/cosmograph-daytona/1413-949-8.html
1414-078-0,Day-Date  Certified Pre-Owned,1981,18039,36,22500,Blue,https://www.bucherer.com/rolex-certified-pre-owned/watches/day-date/1414-078-0.html
1414-079-1,Yacht-Master  Certified Pre-Owned,2019,116621,40,15500,"Black
sales guarantee (original), sales box (original)",https://www.bucherer.com/rolex-certified-pre-owned/watches/yacht-master/1414-079-1.html
1414-082-6,Cosmograph Daytona  Certified Pre-Owned,2020,116500,40,32000,"Black
sales guarantee (original), sales box (original)",https://www.bucherer.com/rolex-certified-pre-owned/watches/cosmograph-daytona/1414-082-6.html
1414-060-0,Datejust  Certified Pre-Owned,2010,116234,36,10000,Silver,https://www.bucherer.com/rolex-certified-pre-owned/watches/datejust/1414-060-0.html
1414-073-5,Datejust  Certified Pre-Owned,2005,116234,36,10000,Silver,https://www.bucherer.com/rolex-certified-pre-owned/watches/datejust/1414-073-5.html
1414-072-4,Datejust  Certified Pre-Owned,1992,16233,36,8000,"Champagne
sales guarantee (original)",https://www.bucherer.com/rolex-certified-pre-owned/watches/datejust/1414-072-4.html
1414-070-2,Oyster Perpetual  Certified Pre-Owned,2008,116034,36,8800,"Silver
sales guarantee (original)",https://www.bucherer.com/rolex-certified-pre-owned/watches/oyster-perpetual/1414-070-2.html
1414-063-3,Sea-Dweller  Certified Pre-Owned,2002,16600,40,11500,"Black
sales guarantee (original), sales box (original)",https://www.bucherer.com/rolex-certified-pre-owned/watches/sea-dweller/1414-063-3.html
1414-052-0,Submariner Date  Certified Pre-Owned,2011,116610,40,14000,Black,https://www.bucherer.com/rolex-certified-pre-owned/watches/submariner-date/1414-052-0.html
1414-045-1,Deepsea  Certified Pre-Owned,2015,116660,44,17500,Black,https://www.bucherer.com/rolex-certified-pre-owned/watches/deepsea/1414-045-1.html
1414-059-7,Submariner  Certified Pre-Owned,2012,114060,40,14000,"Black
sales guarantee (original), sales box (original)",https://www.bucherer.com/rolex-certified-pre-owned/watches/submariner/1414-059-7.html
1414-050-8,Turn-O-Graph  Certified Pre-Owned,2004,16264,36,8000,Silver,https://www.bucherer.com/rolex-certified-pre-owned/watches/turn-o-graph/1414-050-8.html
1414-053-1,Explorer  Certified Pre-Owned,1998,14270,36,8400,"Black
sales guarantee (original)",https://www.bucherer.com/rolex-certified-pre-owned/watches/explorer/1414-053-1.html
1414-041-7,Date  Certified Pre-Owned,2002,15200,34,6000,"Silver
sales guarantee (original), sales box (original)",https://www.bucherer.com/rolex-certified-pre-owned/watches/date/1414-041-7.html
1414-038-2,GMT-Master  Certified Pre-Owned,1990,16700,40,15000,Black,https://www.bucherer.com/rolex-certified-pre-owned/watches/gmt-master/1414-038-2.html
1414-039-3,GMT-Master II  Certified Pre-Owned,2017,116710,40,18500,"Black
sales guarantee (original), sales box (original)",https://www.bucherer.com/rolex-certified-pre-owned/watches/gmt-master-ii/1414-039-3.html
1414-040-6,GMT-Master II  Certified Pre-Owned,2016,116710,40,15000,Black,https://www.bucherer.com/rolex-certified-pre-owned/watches/gmt-master-ii/1414-040-6.html
1413-965-8,Oyster Perpetual  Certified Pre-Owned,1997,14000,34,6200,Blue,https://www.bucherer.com/rolex-certified-pre-owned/watches/oyster-perpetual/1413-965-8.html
1413-966-9,Datejust  Certified Pre-Owned,1986,69178,26,6200,Champagne,https://www.bucherer.com/rolex-certified-pre-owned/watches/datejust/1413-966-9.html
1413-958-9,Explorer  Certified Pre-Owned,2014,214270,39,9900,"Black
sales guarantee (original)",https://www.bucherer.com/rolex-certified-pre-owned/watches/explorer/1413-958-9.html
1413-963-6,Oyster Perpetual  Certified Pre-Owned,2008,116034,36,8400,Silver,https://www.bucherer.com/rolex-certified-pre-owned/watches/oyster-perpetual/1413-963-6.html
1413-964-7,Datejust  Certified Pre-Owned,1988,16013,36,8500,Water resistance,https://www.bucherer.com/rolex-certified-pre-owned/watches/datejust/1413-964-7.html
1413-954-5,Submariner  Certified Pre-Owned,2016,114060,40,13500,Black,https://www.bucherer.com/rolex-certified-pre-owned/watches/submariner/1413-954-5.html
1413-957-8,Milgauss  Certified Pre-Owned,2008,116400,40,11500,White,https://www.bucherer.com/rolex-certified-pre-owned/watches/milgauss/1413-957-8.html
1413-956-7,Oyster Perpetual  Certified Pre-Owned,2018,114300,39,10500,"Black
sales guarantee (original)",https://www.bucherer.com/rolex-certified-pre-owned/watches/oyster-perpetual/1413-956-7.html
1413-955-6,Turn-O-Graph  Certified Pre-Owned,2002,16264,36,8500,Black,https://www.bucherer.com/rolex-certified-pre-owned/watches/turn-o-graph/1413-955-6.html
1413-947-6,GMT-Master II  Certified Pre-Owned,2018,116710,40,19000,"Black
sales guarantee (original), sales box (original)",https://www.bucherer.com/rolex-certified-pre-owned/watches/gmt-master-ii/1413-947-6.html
1413-948-7,Turn-O-Graph  Certified Pre-Owned,2006,116264,36,9500,Black,https://www.bucherer.com/rolex-certified-pre-owned/watches/turn-o-graph/1413-948-7.html
1413-953-4,Submariner  Certified Pre-Owned,2017,114060,40,13500,Black,https://www.bucherer.com/rolex-certified-pre-owned/watches/submariner/1413-953-4.html
1413-944-3,Datejust  Certified Pre-Owned,2001,16200,36,7000,Silver,https://www.bucherer.com/rolex-certified-pre-owned/watches/datejust/1413-944-3.html
1413-930-7,Date  Certified Pre-Owned,1997,15200,34,5500,Silver,https://www.bucherer.com/rolex-certified-pre-owned/watches/date/1413-930-7.html
1413-939-6,Oyster Perpetual  Certified Pre-Owned,2005,14010M,34,5500,Black,https://www.bucherer.com/rolex-certified-pre-owned/watches/oyster-perpetual/1413-939-6.html
1413-937-4,Explorer II  Certified Pre-Owned,1997,16570,40,11000,White,https://www.bucherer.com/rolex-certified-pre-owned/watches/explorer-ii/1413-937-4.html
1413-936-3,Day-Date  Certified Pre-Owned,2001,118205,36,27500,Rose,https://www.bucherer.com/rolex-certified-pre-owned/watches/day-date/1413-936-3.html
1413-929-4,Datejust  Certified Pre-Owned,1988,16030,36,7200,Water resistance,https://www.bucherer.com/rolex-certified-pre-owned/watches/datejust/1413-929-4.html
1413-928-3,Yacht-Master  Certified Pre-Owned,2007,16622,40,13200,"Silver
sales guarantee (original), sales box (original)",https://www.bucherer.com/rolex-certified-pre-owned/watches/yacht-master/1413-928-3.html
1413-925-0,Air-King  Certified Pre-Owned,2020,116900,40,11000,"Black
sales guarantee (original), sales box (original)",https://www.bucherer.com/rolex-certified-pre-owned/watches/air-king/1413-925-0.html
1413-924-9,Explorer II  Certified Pre-Owned,2165,216570,42,12000,"Black
sales guarantee (original), sales box (original)",https://www.bucherer.com/rolex-certified-pre-owned/watches/explorer-ii/1413-924-9.html
1413-927-2,Datejust  Certified Pre-Owned,2007,116234,36,11500,"Silver
sales guarantee (original), sales box (original)",https://www.bucherer.com/rolex-certified-pre-owned/watches/datejust/1413-927-2.html
1413-824-6,GMT-Master II  Certified Pre-Owned,1976,16713,40,15900,Black,https://www.bucherer.com/rolex-certified-pre-owned/watches/gmt-master-ii/1413-824-6.html
1413-921-6,Air-King  Certified Pre-Owned,2019,116900,40,10500,Black,https://www.bucherer.com/rolex-certified-pre-owned/watches/air-king/1413-921-6.html
1413-932-9,Oyster Perpetual  Certified Pre-Owned,2001,14000M,34,5700,Black,https://www.bucherer.com/rolex-certified-pre-owned/watches/oyster-perpetual/1413-932-9.html
1413-933-0,Oyster Perpetual  Certified Pre-Owned,2001,14000M,34,5700,Black,https://www.bucherer.com/rolex-certified-pre-owned/watches/oyster-perpetual/1413-933-0.html
1413-632-0,GMT-Master  Certified Pre-Owned,1995,16700,40,15000,Black,https://www.bucherer.com/rolex-certified-pre-owned/watches/gmt-master/1413-632-0.html
1413-648-8,Deepsea  Certified Pre-Owned,2011,116660,44,14500,Black,https://www.bucherer.com/rolex-certified-pre-owned/watches/deepsea/1413-648-8.html
1413-633-1,GMT-Master II  Certified Pre-Owned,1997,16713,40,16800,Brown,https://www.bucherer.com/rolex-certified-pre-owned/watches/gmt-master-ii/1413-633-1.html
1413-629-5,Datejust  Certified Pre-Owned,2010,116333,41,14700,"Black
sales guarantee (original), sales box (original)",https://www.bucherer.com/rolex-certified-pre-owned/watches/datejust/1413-629-5.html
1413-631-9,Datejust  Certified Pre-Owned,1993,16234,36,8500,Silver,https://www.bucherer.com/rolex-certified-pre-owned/watches/datejust/1413-631-9.html
1413-627-3,Explorer  Certified Pre-Owned,2006,114270,36,8000,"Black
sales guarantee (original), sales box (original)",https://www.bucherer.com/rolex-certified-pre-owned/watches/explorer/1413-627-3.html
1413-624-0,Datejust  Certified Pre-Owned,2000,16220,36,7700,"Silver
sales guarantee (original), sales box (original)",https://www.bucherer.com/rolex-certified-pre-owned/watches/datejust/1413-624-0.html
1413-619-3,Datejust  Certified Pre-Owned,1994,69158,26,16500,Champagne,https://www.bucherer.com/rolex-certified-pre-owned/watches/datejust/1413-619-3.html
1413-621-7,Yacht-Master  Certified Pre-Owned,2004,16622,40,12700,Silver,https://www.bucherer.com/rolex-certified-pre-owned/watches/yacht-master/1413-621-7.html
1413-617-1,Submariner Date  Certified Pre-Owned,2003,16613,40,14400,Blue,https://www.bucherer.com/rolex-certified-pre-owned/watches/submariner-date/1413-617-1.html
1413-616-0,Turn-O-Graph  Certified Pre-Owned,2008,116264,36,9500,White,https://www.bucherer.com/rolex-certified-pre-owned/watches/turn-o-graph/1413-616-0.html
1413-593-0,Oyster Perpetual  Certified Pre-Owned,2004,14000M,34,5700,Black,https://www.bucherer.com/rolex-certified-pre-owned/watches/oyster-perpetual/1413-593-0.html
1413-588-3,Oyster Perpetual  Certified Pre-Owned,2004,14000,34,5700,White,https://www.bucherer.com/rolex-certified-pre-owned/watches/oyster-perpetual/1413-588-3.html
1413-600-2,Datejust  Certified Pre-Owned,2002,16233,36,9000,Champagne,https://www.bucherer.com/rolex-certified-pre-owned/watches/datejust/1413-600-2.html
1413-625-1,Datejust  Certified Pre-Owned,1992,16220,36,7700,"Silver
sales guarantee (original), sales box (original)",https://www.bucherer.com/rolex-certified-pre-owned/watches/datejust/1413-625-1.html
1413-596-3,Datejust  Certified Pre-Owned,2010,116334,41,12300,"Blue
sales box (original), sales guarantee (original)",https://www.bucherer.com/rolex-certified-pre-owned/watches/datejust/1413-596-3.html
1413-623-9,Submariner Date  Certified Pre-Owned,1989,16613,40,14400,Blue,https://www.bucherer.com/rolex-certified-pre-owned/watches/submariner-date/1413-623-9.html
1413-587-2,Explorer  Certified Pre-Owned,2003,114270,36,8000,"Black
sales guarantee (original), sales box (original)",https://www.bucherer.com/rolex-certified-pre-owned/watches/explorer/1413-587-2.html
1413-590-7,Datejust  Certified Pre-Owned,2006,116200,36,9000,"Silver
sales guarantee (original), sales box (original)",https://www.bucherer.com/rolex-certified-pre-owned/watches/datejust/1413-590-7.html
1413-585-0,Datejust  Certified Pre-Owned,2012,116300,41,10600,"Black
sales guarantee (original)",https://www.bucherer.com/rolex-certified-pre-owned/watches/datejust/1413-585-0.html
1413-591-8,Datejust  Certified Pre-Owned,2006,116200,36,9000,"White
sales guarantee (original), sales box (original)",https://www.bucherer.com/rolex-certified-pre-owned/watches/datejust/1413-591-8.html
1413-583-8,Sea-Dweller  Certified Pre-Owned,2001,16600,40,11500,"Black
sales guarantee (original), sales box (original)",https://www.bucherer.com/rolex-certified-pre-owned/watches/sea-dweller/1413-583-8.html
1413-586-1,Submariner Date  Certified Pre-Owned,2018,116610,40,21000,"Green
sales guarantee (original), sales box (original)",https://www.bucherer.com/rolex-certified-pre-owned/watches/submariner-date/1413-586-1.html
1413-582-7,Oyster Perpetual  Certified Pre-Owned,2002,14000,34,5700,Black,https://www.bucherer.com/rolex-certified-pre-owned/watches/oyster-perpetual/1413-582-7.html
1413-574-7,GMT-Master II  Certified Pre-Owned,2010,116710,40,15500,"Black
sales guarantee (original), sales box (original)",https://www.bucherer.com/rolex-certified-pre-owned/watches/gmt-master-ii/1413-574-7.html
1413-571-4,GMT-Master II  Certified Pre-Owned,2011,116710,40,15500,"Black
sales guarantee (original), sales box (original)",https://www.bucherer.com/rolex-certified-pre-owned/watches/gmt-master-ii/1413-571-4.html
1413-570-3,Submariner Date  Certified Pre-Owned,2007,16610T,40,17500,"Black
sales guarantee (original), sales box (original)",https://www.bucherer.com/rolex-certified-pre-owned/watches/submariner-date/1413-570-3.html
1413-569-0,GMT-Master II  Certified Pre-Owned,1993,16710,40,15000,Black,https://www.bucherer.com/rolex-certified-pre-owned/watches/gmt-master-ii/1413-569-0.html
1413-296-4,Oyster Perpetual  Certified Pre-Owned,1994,14208,34,15000,"Blue
sales guarantee (original)",https://www.bucherer.com/rolex-certified-pre-owned/watches/oyster-perpetual/1413-296-4.html
1413-210-2,GMT-Master II  Certified Pre-Owned,2015,116710,40,18500,Black,https://www.bucherer.com/rolex-certified-pre-owned/watches/gmt-master-ii/1413-210-2.html
1413-209-9,Deepsea  Certified Pre-Owned,2009,116660,44,15000,"Black
sales guarantee (original), sales box (original)",https://www.bucherer.com/rolex-certified-pre-owned/watches/deepsea/1413-209-9.html
1413-208-8,Explorer II  Certified Pre-Owned,2000,16570,40,11500,"White
sales guarantee (original), sales box (original)",https://www.bucherer.com/rolex-certified-pre-owned/watches/explorer-ii/1413-208-8.html
1413-206-6,Datejust  Certified Pre-Owned,1995,16234,36,8200,Blue,https://www.bucherer.com/rolex-certified-pre-owned/watches/datejust/1413-206-6.html
1413-211-3,GMT-Master II  Certified Pre-Owned,2014,116710,40,15400,"Black
sales guarantee (original)",https://www.bucherer.com/rolex-certified-pre-owned/watches/gmt-master-ii/1413-211-3.html
1413-204-4,Day-Date  Certified Pre-Owned,2018,228239,40,42000,sales box (original),https://www.bucherer.com/rolex-certified-pre-owned/watches/day-date/1413-204-4.html
1413-201-1,Explorer II  Certified Pre-Owned,1999,16570,40,11000,White,https://www.bucherer.com/rolex-certified-pre-owned/watches/explorer-ii/1413-201-1.html
1413-202-2,Explorer II  Certified Pre-Owned,2007,16570,40,11500,"White
sales guarantee (original), sales box (original)",https://www.bucherer.com/rolex-certified-pre-owned/watches/explorer-ii/1413-202-2.html
1413-200-0,Sea-Dweller  Certified Pre-Owned,2004,16600,40,11400,"Black
sales guarantee (original)",https://www.bucherer.com/rolex-certified-pre-owned/watches/sea-dweller/1413-200-0.html
1413-198-3,Cosmograph Daytona  Certified Pre-Owned,2016,116500,40,32000,"Black
sales guarantee (original), sales box (original)",https://www.bucherer.com/rolex-certified-pre-owned/watches/cosmograph-daytona/1413-198-3.html
1413-025-3,Datejust  Certified Pre-Owned,2012,116300,41,10600,"Black
sales guarantee (original), sales box (original)",https://www.bucherer.com/rolex-certified-pre-owned/watches/datejust/1413-025-3.html
1413-078-6,Datejust  Certified Pre-Owned,1988,16013,36,7000,Water resistance,https://www.bucherer.com/rolex-certified-pre-owned/watches/datejust/1413-078-6.html
1413-103-0,Datejust  Certified Pre-Owned,1989,16233,36,9000,Champagne,https://www.bucherer.com/rolex-certified-pre-owned/watches/datejust/1413-103-0.html
1413-022-0,Datejust  Certified Pre-Owned,1990,16220,36,7200,Silver,https://www.bucherer.com/rolex-certified-pre-owned/watches/datejust/1413-022-0.html
1413-017-3,Datejust  Certified Pre-Owned,2011,116200,36,8900,"Silver
sales guarantee (original)",https://www.bucherer.com/rolex-certified-pre-owned/watches/datejust/1413-017-3.html
1413-021-9,Datejust  Certified Pre-Owned,2005,16200,36,7000,Silver,https://www.bucherer.com/rolex-certified-pre-owned/watches/datejust/1413-021-9.html
1413-020-8,Datejust  Certified Pre-Owned,2004,16200,36,7000,Silver,https://www.bucherer.com/rolex-certified-pre-owned/watches/datejust/1413-020-8.html
1413-019-5,Date  Certified Pre-Owned,1992,15210,34,6000,White,https://www.bucherer.com/rolex-certified-pre-owned/watches/date/1413-019-5.html
1413-001-5,Datejust  Certified Pre-Owned,2006,116234,36,10000,Silver,https://www.bucherer.com/rolex-certified-pre-owned/watches/datejust/1413-001-5.html
1412-997-2,Datejust  Certified Pre-Owned,1997,16234,36,7500,Silver,https://www.bucherer.com/rolex-certified-pre-owned/watches/datejust/1412-997-2.html
1412-998-3,Datejust  Certified Pre-Owned,2006,116234,36,10000,Silver,https://www.bucherer.com/rolex-certified-pre-owned/watches/datejust/1412-998-3.html
1412-996-1,Datejust  Certified Pre-Owned,2002,16200,36,7000,Silver,https://www.bucherer.com/rolex-certified-pre-owned/watches/datejust/1412-996-1.html
1412-999-4,Datejust  Certified Pre-Owned,2006,116234,36,10000,Silver,https://www.bucherer.com/rolex-certified-pre-owned/watches/datejust/1412-999-4.html
1413-000-4,Sky-Dweller  Certified Pre-Owned,2017,326138,42,35000,"Silver
sales guarantee (original), sales box (original)",https://www.bucherer.com/rolex-certified-pre-owned/watches/sky-dweller/1413-000-4.html
1412-995-0,Datejust  Certified Pre-Owned,2012,116200,36,8900,"White
sales guarantee (original)",https://www.bucherer.com/rolex-certified-pre-owned/watches/datejust/1412-995-0.html
1412-992-7,Deepsea  Certified Pre-Owned,2015,116660,44,17500,"Black
sales guarantee (original), sales box (original)",https://www.bucherer.com/rolex-certified-pre-owned/watches/deepsea/1412-992-7.html
1412-988-1,GMT-Master  Certified Pre-Owned,1991,16700,40,15000,Black,https://www.bucherer.com/rolex-certified-pre-owned/watches/gmt-master/1412-988-1.html
1412-990-5,Submariner Date  Certified Pre-Owned,2016,116610,40,14000,Black,https://www.bucherer.com/rolex-certified-pre-owned/watches/submariner-date/1412-990-5.html
1412-989-2,GMT-Master  Certified Pre-Owned,1993,16700,40,15000,Black,https://www.bucherer.com/rolex-certified-pre-owned/watches/gmt-master/1412-989-2.html
1412-983-6,GMT-Master  Certified Pre-Owned,1996,16700,40,15000,Black,https://www.bucherer.com/rolex-certified-pre-owned/watches/gmt-master/1412-983-6.html
1412-984-7,Submariner Date  Certified Pre-Owned,1995,16613,40,14000,"Black
sales guarantee (original)",https://www.bucherer.com/rolex-certified-pre-owned/watches/submariner-date/1412-984-7.html
1412-981-4,Submariner  Certified Pre-Owned,2007,14060M,40,10400,"Black
sales guarantee (original)",https://www.bucherer.com/rolex-certified-pre-owned/watches/submariner/1412-981-4.html
1412-828-6,Datejust  Certified Pre-Owned,2005,16200,36,7000,White,https://www.bucherer.com/rolex-certified-pre-owned/watches/datejust/1412-828-6.html
1412-827-5,Datejust  Certified Pre-Owned,2007,116200,36,8500,Silver,https://www.bucherer.com/rolex-certified-pre-owned/watches/datejust/1412-827-5.html
1412-815-1,Day-Date  Certified Pre-Owned,2013,218238,41,43000,Champagne,https://www.bucherer.com/rolex-certified-pre-owned/watches/day-date/1412-815-1.html
1412-811-7,Explorer  Certified Pre-Owned,2014,214270,39,10000,"Black
sales guarantee (original), sales box (original)",https://www.bucherer.com/rolex-certified-pre-owned/watches/explorer/1412-811-7.html
1412-822-0,Datejust  Certified Pre-Owned,2008,116200,36,8900,"White
sales guarantee (original)",https://www.bucherer.com/rolex-certified-pre-owned/watches/datejust/1412-822-0.html
1412-797-6,GMT-Master  Certified Pre-Owned,1996,16700,40,15100,sales box (original),https://www.bucherer.com/rolex-certified-pre-owned/watches/gmt-master/1412-797-6.html
1412-796-5,GMT-Master  Certified Pre-Owned,1998,16700,40,15000,Black,https://www.bucherer.com/rolex-certified-pre-owned/watches/gmt-master/1412-796-5.html
1412-795-4,Explorer  Certified Pre-Owned,2010,214270,39,10000,"Black
sales guarantee (original), sales box (original)",https://www.bucherer.com/rolex-certified-pre-owned/watches/explorer/1412-795-4.html
1412-462-6,Milgauss  Certified Pre-Owned,2009,116400,40,11400,"Black
sales guarantee (original), sales box (original)",https://www.bucherer.com/rolex-certified-pre-owned/watches/milgauss/1412-462-6.html
1412-465-9,Oyster Perpetual  Certified Pre-Owned,2019,114300,39,10600,"Blue
sales guarantee (original), sales box (original)",https://www.bucherer.com/rolex-certified-pre-owned/watches/oyster-perpetual/1412-465-9.html
1412-459-1,Explorer II  Certified Pre-Owned,2003,16570,40,10500,"Black
sales guarantee (original), sales box (original)",https://www.bucherer.com/rolex-certified-pre-owned/watches/explorer-ii/1412-459-1.html
1412-450-2,Explorer II  Certified Pre-Owned,1997,16570,40,10000,"Black
sales guarantee (original), sales box (original)",https://www.bucherer.com/rolex-certified-pre-owned/watches/explorer-ii/1412-450-2.html
1412-451-3,Explorer II  Certified Pre-Owned,1995,16570,40,11000,White,https://www.bucherer.com/rolex-certified-pre-owned/watches/explorer-ii/1412-451-3.html
1412-432-0,Submariner Date  Certified Pre-Owned,2010,116610,40,14500,"Black
sales guarantee (original)",https://www.bucherer.com/rolex-certified-pre-owned/watches/submariner-date/1412-432-0.html
1412-431-9,Submariner Date  Certified Pre-Owned,2015,116610,40,14500,"Black
sales guarantee (original), sales box (original)",https://www.bucherer.com/rolex-certified-pre-owned/watches/submariner-date/1412-431-9.html
1412-416-0,Datejust  Certified Pre-Owned,2017,116234,36,10500,"Black
sales guarantee (original), sales box (original)",https://www.bucherer.com/rolex-certified-pre-owned/watches/datejust/1412-416-0.html
1412-413-7,GMT-Master II  Certified Pre-Owned,2015,116710,40,15400,"Black
sales guarantee (original)",https://www.bucherer.com/rolex-certified-pre-owned/watches/gmt-master-ii/1412-413-7.html
1412-379-2,Datejust  Certified Pre-Owned,1991,16233,36,8500,White,https://www.bucherer.com/rolex-certified-pre-owned/watches/datejust/1412-379-2.html
1412-386-1,Turn-O-Graph  Certified Pre-Owned,2008,116264,36,9500,White,https://www.bucherer.com/rolex-certified-pre-owned/watches/turn-o-graph/1412-386-1.html
1412-266-4,Datejust  Certified Pre-Owned,1989,16234,36,7900,"Silver
sales guarantee (original)",https://www.bucherer.com/rolex-certified-pre-owned/watches/datejust/1412-266-4.html
1412-253-9,GMT-Master II  Certified Pre-Owned,2007,116710,40,15500,"Black
sales guarantee (original), sales box (original)",https://www.bucherer.com/rolex-certified-pre-owned/watches/gmt-master-ii/1412-253-9.html
1412-289-1,Milgauss  Certified Pre-Owned,2017,116400,40,12500,"Black
sales guarantee (original), sales box (original)",https://www.bucherer.com/rolex-certified-pre-owned/watches/milgauss/1412-289-1.html
1412-286-8,Milgauss  Certified Pre-Owned,2011,116400,40,11600,"Black
sales guarantee (original)",https://www.bucherer.com/rolex-certified-pre-owned/watches/milgauss/1412-286-8.html
1412-287-9,Milgauss  Certified Pre-Owned,,116400,40,12000,Black,https://www.bucherer.com/rolex-certified-pre-owned/watches/milgauss/1412-287-9.html
1412-274-4,Datejust  Certified Pre-Owned,2016,116234,36,10500,"Black
sales guarantee (original), sales box (original)",https://www.bucherer.com/rolex-certified-pre-owned/watches/datejust/1412-274-4.html
1412-273-3,Datejust  Certified Pre-Owned,2005,116234,36,10000,Black,https://www.bucherer.com/rolex-certified-pre-owned/watches/datejust/1412-273-3.html
1412-270-0,Datejust  Certified Pre-Owned,1997,16233,36,8200,"Silver
sales guarantee (original)",https://www.bucherer.com/rolex-certified-pre-owned/watches/datejust/1412-270-0.html
1412-269-7,Datejust  Certified Pre-Owned,1993,16233,36,8300,Black,https://www.bucherer.com/rolex-certified-pre-owned/watches/datejust/1412-269-7.html
1412-259-5,Explorer II  Certified Pre-Owned,2005,16570T,40,11000,White,https://www.bucherer.com/rolex-certified-pre-owned/watches/explorer-ii/1412-259-5.html
1412-257-3,Explorer II  Certified Pre-Owned,2001,16570,40,10100,sales box (original),https://www.bucherer.com/rolex-certified-pre-owned/watches/explorer-ii/1412-257-3.html
1412-045-3,Pearlmaster  Certified Pre-Owned,2008,81319,34,23000,sales box (original),https://www.bucherer.com/rolex-certified-pre-owned/watches/pearlmaster/1412-045-3.html
1412-206-2,Explorer II  Certified Pre-Owned,2010,16570,40,10200,"Black
sales guarantee (original), sales box (original)",https://www.bucherer.com/rolex-certified-pre-owned/watches/explorer-ii/1412-206-2.html
1412-210-8,Submariner Date  Certified Pre-Owned,2006,16610T,40,17000,Black,https://www.bucherer.com/rolex-certified-pre-owned/watches/submariner-date/1412-210-8.html
1412-200-6,Datejust  Certified Pre-Owned,2006,116234,36,10000,Silver,https://www.bucherer.com/rolex-certified-pre-owned/watches/datejust/1412-200-6.html
1412-196-7,Datejust  Certified Pre-Owned,2016,116234,36,10500,"Black
sales guarantee (original), sales box (original)",https://www.bucherer.com/rolex-certified-pre-owned/watches/datejust/1412-196-7.html
1412-188-7,Datejust  Certified Pre-Owned,1999,16234,36,8000,"White
sales guarantee (original), sales box (original)",https://www.bucherer.com/rolex-certified-pre-owned/watches/datejust/1412-188-7.html
1412-194-5,Datejust  Certified Pre-Owned,2005,16200,36,7500,"Black
sales guarantee (original), sales box (original)",https://www.bucherer.com/rolex-certified-pre-owned/watches/datejust/1412-194-5.html
1412-199-0,Datejust  Certified Pre-Owned,2006,116234,36,11000,Silver,https://www.bucherer.com/rolex-certified-pre-owned/watches/datejust/1412-199-0.html
1412-181-0,Datejust  Certified Pre-Owned,1989,16234,36,7500,Silver,https://www.bucherer.com/rolex-certified-pre-owned/watches/datejust/1412-181-0.html
1412-184-3,Turn-O-Graph  Certified Pre-Owned,1998,16264,36,8000,"Black
sales guarantee (original)",https://www.bucherer.com/rolex-certified-pre-owned/watches/turn-o-graph/1412-184-3.html
1412-179-6,GMT-Master  Certified Pre-Owned,1997,16700,40,15000,Black,https://www.bucherer.com/rolex-certified-pre-owned/watches/gmt-master/1412-179-6.html
1412-178-5,GMT-Master  Certified Pre-Owned,1995,16700,40,14000,Black,https://www.bucherer.com/rolex-certified-pre-owned/watches/gmt-master/1412-178-5.html
1412-169-4,Yacht-Master II  Certified Pre-Owned,2008,116688,44,39000,White,https://www.bucherer.com/rolex-certified-pre-owned/watches/yacht-master-ii/1412-169-4.html
1412-168-3,Datejust  Certified Pre-Owned,2020,126200,36,9400,"Silver
sales guarantee (original)",https://www.bucherer.com/rolex-certified-pre-owned/watches/datejust/1412-168-3.html
1412-173-0,GMT-Master II  Certified Pre-Owned,1988,16760,40,16500,Black,https://www.bucherer.com/rolex-certified-pre-owned/watches/gmt-master-ii/1412-173-0.html
1412-175-2,Oyster Perpetual  Certified Pre-Owned,2012,176200,26,5400,"White
sales guarantee (original)",https://www.bucherer.com/rolex-certified-pre-owned/watches/oyster-perpetual/1412-175-2.html
1412-164-9,Day-Date  Certified Pre-Owned,1995,18239,36,22000,Silver,https://www.bucherer.com/rolex-certified-pre-owned/watches/day-date/1412-164-9.html
1412-167-2,GMT-Master II  Certified Pre-Owned,2001,16710,40,14000,Black,https://www.bucherer.com/rolex-certified-pre-owned/watches/gmt-master-ii/1412-167-2.html
1412-163-8,Day-Date  Certified Pre-Owned,1997,18206,36,27500,Silver,https://www.bucherer.com/rolex-certified-pre-owned/watches/day-date/1412-163-8.html
1412-158-1,Milgauss  Certified Pre-Owned,2007,116400,40,11600,"Black
sales guarantee (original)",https://www.bucherer.com/rolex-certified-pre-owned/watches/milgauss/1412-158-1.html
1412-157-0,Air-King  Certified Pre-Owned,2020,116900,40,11000,"Black
sales guarantee (original), sales box (original)",https://www.bucherer.com/rolex-certified-pre-owned/watches/air-king/1412-157-0.html
1412-087-3,GMT-Master II  Certified Pre-Owned,2007,116718,40,45000,"Black
sales guarantee (original), sales box (original)",https://www.bucherer.com/rolex-certified-pre-owned/watches/gmt-master-ii/1412-087-3.html
1412-077-1,Explorer II  Certified Pre-Owned,1997,16570,40,11000,White,https://www.bucherer.com/rolex-certified-pre-owned/watches/explorer-ii/1412-077-1.html
1412-078-2,Explorer II  Certified Pre-Owned,1994,16570,40,9800,Black,https://www.bucherer.com/rolex-certified-pre-owned/watches/explorer-ii/1412-078-2.html
1412-076-0,Explorer II  Certified Pre-Owned,2012,216570,42,11500,White,https://www.bucherer.com/rolex-certified-pre-owned/watches/explorer-ii/1412-076-0.html
1412-082-8,Explorer  Certified Pre-Owned,2020,214270,39,10000,"Black
sales guarantee (original), sales box (original)",https://www.bucherer.com/rolex-certified-pre-owned/watches/explorer/1412-082-8.html
1412-072-6,Explorer II  Certified Pre-Owned,1996,16570,40,11000,White,https://www.bucherer.com/rolex-certified-pre-owned/watches/explorer-ii/1412-072-6.html
1412-059-9,Explorer  Certified Pre-Owned,2010,214270,39,9500,Black,https://www.bucherer.com/rolex-certified-pre-owned/watches/explorer/1412-059-9.html
1412-066-8,GMT-Master  Certified Pre-Owned,1999,16700,40,14000,Black,https://www.bucherer.com/rolex-certified-pre-owned/watches/gmt-master/1412-066-8.html
1412-055-5,Oyster Perpetual  Certified Pre-Owned,2008,176200,26,5000,White,https://www.bucherer.com/rolex-certified-pre-owned/watches/oyster-perpetual/1412-055-5.html
1412-060-2,Yacht-Master  Certified Pre-Owned,2006,16622,40,12700,Silver,https://www.bucherer.com/rolex-certified-pre-owned/watches/yacht-master/1412-060-2.html
1412-009-9,Datejust  Certified Pre-Owned,2007,116200,36,8600,Black,https://www.bucherer.com/rolex-certified-pre-owned/watches/datejust/1412-009-9.html
1412-020-4,Datejust  Certified Pre-Owned,2009,116200,36,8600,Black,https://www.bucherer.com/rolex-certified-pre-owned/watches/datejust/1412-020-4.html
1411-979-6,Datejust  Certified Pre-Owned,2006,116234,36,10500,White,https://www.bucherer.com/rolex-certified-pre-owned/watches/datejust/1411-979-6.html
1411-966-1,Datejust  Certified Pre-Owned,2006,116234,36,10200,Black,https://www.bucherer.com/rolex-certified-pre-owned/watches/datejust/1411-966-1.html
1411-954-7,Datejust  Certified Pre-Owned,1993,16234,36,7900,"Silver
sales guarantee (original)",https://www.bucherer.com/rolex-certified-pre-owned/watches/datejust/1411-954-7.html
1411-950-3,Datejust  Certified Pre-Owned,1994,16233,36,8200,White,https://www.bucherer.com/rolex-certified-pre-owned/watches/datejust/1411-950-3.html
1411-858-8,Deepsea  Certified Pre-Owned,2009,116660,44,14400,"Black
sales guarantee (original)",https://www.bucherer.com/rolex-certified-pre-owned/watches/deepsea/1411-858-8.html
1411-855-5,Explorer II  Certified Pre-Owned,2002,16570,40,9800,Black,https://www.bucherer.com/rolex-certified-pre-owned/watches/explorer-ii/1411-855-5.html
1411-841-9,Submariner  Certified Pre-Owned,1999,14060,40,10200,Black,https://www.bucherer.com/rolex-certified-pre-owned/watches/submariner/1411-841-9.html
1411-837-3,Datejust  Certified Pre-Owned,2015,116300,41,10700,"Blue
sales guarantee (original), sales box (original)",https://www.bucherer.com/rolex-certified-pre-owned/watches/datejust/1411-837-3.html
1411-834-0,Date  Certified Pre-Owned,1987,15038,34,15000,Blue,https://www.bucherer.com/rolex-certified-pre-owned/watches/date/1411-834-0.html
1411-835-1,Explorer  Certified Pre-Owned,1999,14270,36,8500,sales box (original),https://www.bucherer.com/rolex-certified-pre-owned/watches/explorer/1411-835-1.html
1411-824-8,Sky-Dweller  Certified Pre-Owned,2017,326933,42,21000,Champagne,https://www.bucherer.com/rolex-certified-pre-owned/watches/sky-dweller/1411-824-8.html
1411-822-6,Day-Date  Certified Pre-Owned,1988,18129,36,24900,Champagne,https://www.bucherer.com/rolex-certified-pre-owned/watches/day-date/1411-822-6.html
1411-819-1,Day-Date  Certified Pre-Owned,2016,228239,40,42000,"Grey
sales guarantee (original), sales box (original)",https://www.bucherer.com/rolex-certified-pre-owned/watches/day-date/1411-819-1.html
1411-821-5,Yacht-Master  Certified Pre-Owned,2017,116622,40,14500,"Blue
sales guarantee (original), sales box (original)",https://www.bucherer.com/rolex-certified-pre-owned/watches/yacht-master/1411-821-5.html
1411-815-7,Deepsea  Certified Pre-Owned,2010,116660,44,14500,"Black
sales guarantee (original), sales box (original)",https://www.bucherer.com/rolex-certified-pre-owned/watches/deepsea/1411-815-7.html
1411-804-4,Day-Date  Certified Pre-Owned,1980,18038,36,13500,Champagne,https://www.bucherer.com/rolex-certified-pre-owned/watches/day-date/1411-804-4.html
1411-811-3,Day-Date  Certified Pre-Owned,1987,18039,36,21500,Silver,https://www.bucherer.com/rolex-certified-pre-owned/watches/day-date/1411-811-3.html
1411-789-2,Datejust  Certified Pre-Owned,1989,16233,36,8200,Champagne,https://www.bucherer.com/rolex-certified-pre-owned/watches/datejust/1411-789-2.html
1411-797-2,Cosmograph Daytona  Certified Pre-Owned,2009,116598SACO,40,120000,"Champagne
sales guarantee (original)",https://www.bucherer.com/rolex-certified-pre-owned/watches/cosmograph-daytona/1411-797-2.html
1411-779-0,Datejust  Certified Pre-Owned,1988,16234,36,7600,Silver,https://www.bucherer.com/rolex-certified-pre-owned/watches/datejust/1411-779-0.html
1411-782-5,Submariner Date  Certified Pre-Owned,1994,16613,40,14000,Black,https://www.bucherer.com/rolex-certified-pre-owned/watches/submariner-date/1411-782-5.html
1411-773-4,Datejust  Certified Pre-Owned,2009,116234,36,10200,White,https://www.bucherer.com/rolex-certified-pre-owned/watches/datejust/1411-773-4.html
1411-774-5,Datejust  Certified Pre-Owned,2006,116234,36,10200,Silver,https://www.bucherer.com/rolex-certified-pre-owned/watches/datejust/1411-774-5.html
1411-777-8,Submariner Date  Certified Pre-Owned,1988,16800,40,13500,Black,https://www.bucherer.com/rolex-certified-pre-owned/watches/submariner-date/1411-777-8.html
1411-769-8,Datejust  Certified Pre-Owned,1996,16234,36,7600,Silver,https://www.bucherer.com/rolex-certified-pre-owned/watches/datejust/1411-769-8.html
1411-770-1,Datejust  Certified Pre-Owned,1997,16234,36,7800,Rose,https://www.bucherer.com/rolex-certified-pre-owned/watches/datejust/1411-770-1.html
1411-747-2,Explorer II  Certified Pre-Owned,1996,16570,40,11000,White,https://www.bucherer.com/rolex-certified-pre-owned/watches/explorer-ii/1411-747-2.html
1411-796-1,Datejust  Certified Pre-Owned,2011,116333,41,14700,"Silver
sales guarantee (original)",https://www.bucherer.com/rolex-certified-pre-owned/watches/datejust/1411-796-1.html
1411-795-0,Oyster Perpetual  Certified Pre-Owned,2008,177210,31,6400,"White
sales guarantee (original)",https://www.bucherer.com/rolex-certified-pre-owned/watches/oyster-perpetual/1411-795-0.html
1411-781-4,Explorer II  Certified Pre-Owned,2013,216570,42,11500,White,https://www.bucherer.com/rolex-certified-pre-owned/watches/explorer-ii/1411-781-4.html
1411-757-4,Explorer  Certified Pre-Owned,2016,214270,39,10000,"Black
sales guarantee (original), sales box (original)",https://www.bucherer.com/rolex-certified-pre-owned/watches/explorer/1411-757-4.html
1411-758-5,Datejust  Certified Pre-Owned,2020,126334,41,14500,"Blue
sales guarantee (original), sales box (original)",https://www.bucherer.com/rolex-certified-pre-owned/watches/datejust/1411-758-5.html
1411-754-1,Sea-Dweller  Certified Pre-Owned,1994,16600,40,11000,Black,https://www.bucherer.com/rolex-certified-pre-owned/watches/sea-dweller/1411-754-1.html
1411-752-9,Explorer  Certified Pre-Owned,2020,214270,39,10000,"Black
sales guarantee (original), sales box (original)",https://www.bucherer.com/rolex-certified-pre-owned/watches/explorer/1411-752-9.html
1411-748-3,Oyster Perpetual  Certified Pre-Owned,2007,114200,34,6900,"Silver
sales guarantee (original)",https://www.bucherer.com/rolex-certified-pre-owned/watches/oyster-perpetual/1411-748-3.html
1411-744-9,Oyster Perpetual  Certified Pre-Owned,2015,114200,34,7000,"Silver
sales guarantee (original), sales box (original)",https://www.bucherer.com/rolex-certified-pre-owned/watches/oyster-perpetual/1411-744-9.html
1411-743-8,Turn-O-Graph  Certified Pre-Owned,2003,16264,36,8400,"White
sales guarantee (original)",https://www.bucherer.com/rolex-certified-pre-owned/watches/turn-o-graph/1411-743-8.html
1411-750-7,Turn-O-Graph  Certified Pre-Owned,2006,116264,36,9500,Black,https://www.bucherer.com/rolex-certified-pre-owned/watches/turn-o-graph/1411-750-7.html
1411-719-8,Oyster Perpetual  Certified Pre-Owned,2000,77080,31,5000,Black,https://www.bucherer.com/rolex-certified-pre-owned/watches/oyster-perpetual/1411-719-8.html
1411-718-7,Date  Certified Pre-Owned,2001,15210,34,6000,Silver,https://www.bucherer.com/rolex-certified-pre-owned/watches/date/1411-718-7.html
1411-709-6,Datejust  Certified Pre-Owned,2008,116234,36,10200,"Silver
sales guarantee (original)",https://www.bucherer.com/rolex-certified-pre-owned/watches/datejust/1411-709-6.html
1411-708-5,Datejust  Certified Pre-Owned,2006,116234,36,10000,Black,https://www.bucherer.com/rolex-certified-pre-owned/watches/datejust/1411-708-5.html
1411-706-3,Yacht-Master  Certified Pre-Owned,2018,116655,40,32500,Black,https://www.bucherer.com/rolex-certified-pre-owned/watches/yacht-master/1411-706-3.html
1411-696-8,Turn-O-Graph  Certified Pre-Owned,2000,16264,36,8000,Black,https://www.bucherer.com/rolex-certified-pre-owned/watches/turn-o-graph/1411-696-8.html
1411-697-9,Yacht-Master  Certified Pre-Owned,2000,168622,35,9000,Silver,https://www.bucherer.com/rolex-certified-pre-owned/watches/yacht-master/1411-697-9.html
1411-698-0,Yacht-Master  Certified Pre-Owned,2005,168622,35,9000,Silver,https://www.bucherer.com/rolex-certified-pre-owned/watches/yacht-master/1411-698-0.html
1411-688-8,Turn-O-Graph  Certified Pre-Owned,2004,116261,36,10800,Silver,https://www.bucherer.com/rolex-certified-pre-owned/watches/turn-o-graph/1411-688-8.html
1411-692-4,Explorer II  Certified Pre-Owned,2165,216570,42,11900,"Black
sales guarantee (original)",https://www.bucherer.com/rolex-certified-pre-owned/watches/explorer-ii/1411-692-4.html
1411-686-6,Submariner Date  Certified Pre-Owned,2006,16610T,40,17500,"Black
sales guarantee (original), sales box (original)",https://www.bucherer.com/rolex-certified-pre-owned/watches/submariner-date/1411-686-6.html
1411-690-2,Explorer II  Certified Pre-Owned,2000,16570,40,10000,Black,https://www.bucherer.com/rolex-certified-pre-owned/watches/explorer-ii/1411-690-2.html
1411-691-3,Explorer II  Certified Pre-Owned,2004,16570,40,10400,"Black
sales guarantee (original)",https://www.bucherer.com/rolex-certified-pre-owned/watches/explorer-ii/1411-691-3.html
1411-679-7,Datejust  Certified Pre-Owned,1990,16233,36,8200,Champagne,https://www.bucherer.com/rolex-certified-pre-owned/watches/datejust/1411-679-7.html
1411-678-6,Submariner Date  Certified Pre-Owned,2005,16610T,40,17000,Black,https://www.bucherer.com/rolex-certified-pre-owned/watches/submariner-date/1411-678-6.html
1411-677-5,Yacht-Master  Certified Pre-Owned,1997,16628,40,27500,White,https://www.bucherer.com/rolex-certified-pre-owned/watches/yacht-master/1411-677-5.html
1411-594-3,Oyster Perpetual  Certified Pre-Owned,2012,114200,34,7300,Silver,https://www.bucherer.com/rolex-certified-pre-owned/watches/oyster-perpetual/1411-594-3.html
1411-629-7,Day-Date  Certified Pre-Owned,2000,118235,36,31000,Rose,https://www.bucherer.com/rolex-certified-pre-owned/watches/day-date/1411-629-7.html
1411-628-6,Yacht-Master II  Certified Pre-Owned,2008,116689,44,34000,"White
sales guarantee (original), sales box (original)",https://www.bucherer.com/rolex-certified-pre-owned/watches/yacht-master-ii/1411-628-6.html
1411-620-8,Submariner Date  Certified Pre-Owned,1987,16803,40,13500,Black,https://www.bucherer.com/rolex-certified-pre-owned/watches/submariner-date/1411-620-8.html
1411-621-9,Cosmograph Daytona  Certified Pre-Owned,2000,116528,40,43000,Champagne,https://www.bucherer.com/rolex-certified-pre-owned/watches/cosmograph-daytona/1411-621-9.html
1411-619-5,Cosmograph Daytona  Certified Pre-Owned,2008,116519,40,35000,"Black
sales guarantee (original)",https://www.bucherer.com/rolex-certified-pre-owned/watches/cosmograph-daytona/1411-619-5.html
1411-613-9,Yacht-Master  Certified Pre-Owned,,116655,40,33000,"Black
sales guarantee (original), sales box (original)",https://www.bucherer.com/rolex-certified-pre-owned/watches/yacht-master/1411-613-9.html
1411-609-3,Cellini  Certified Pre-Owned,2018,50609RBR,39,15900,"Black
sales guarantee (original), sales box (original)",https://www.bucherer.com/rolex-certified-pre-owned/watches/cellini/1411-609-3.html
1411-595-4,Day-Date  Certified Pre-Owned,1989,18238,36,21000,Champagne,https://www.bucherer.com/rolex-certified-pre-owned/watches/day-date/1411-595-4.html
1411-605-9,Datejust  Certified Pre-Owned,2004,116238,36,26000,Black,https://www.bucherer.com/rolex-certified-pre-owned/watches/datejust/1411-605-9.html
1411-593-2,Turn-O-Graph  Certified Pre-Owned,2003,16264,36,8300,"Black
sales guarantee (original)",https://www.bucherer.com/rolex-certified-pre-owned/watches/turn-o-graph/1411-593-2.html
1411-596-5,Explorer II  Certified Pre-Owned,2012,216570,42,11900,"Black
sales guarantee (original)",https://www.bucherer.com/rolex-certified-pre-owned/watches/explorer-ii/1411-596-5.html
1411-589-6,Oyster Perpetual  Certified Pre-Owned,,114300,39,10600,"Red
sales guarantee (original), sales box (original)",https://www.bucherer.com/rolex-certified-pre-owned/watches/oyster-perpetual/1411-589-6.html
1411-586-3,Explorer II  Certified Pre-Owned,2007,16570T,40,10000,Black,https://www.bucherer.com/rolex-certified-pre-owned/watches/explorer-ii/1411-586-3.html
1411-590-9,Datejust  Certified Pre-Owned,2012,116300,41,10600,"White
sales guarantee (original)",https://www.bucherer.com/rolex-certified-pre-owned/watches/datejust/1411-590-9.html
1411-591-0,GMT-Master  Certified Pre-Owned,1990,16700,40,14000,Black,https://www.bucherer.com/rolex-certified-pre-owned/watches/gmt-master/1411-591-0.html
1411-581-8,Datejust  Certified Pre-Owned,1993,16233,36,8500,"Champagne
sales guarantee (original)",https://www.bucherer.com/rolex-certified-pre-owned/watches/datejust/1411-581-8.html
1411-572-7,Yacht-Master  Certified Pre-Owned,2000,16622,40,12700,Silver,https://www.bucherer.com/rolex-certified-pre-owned/watches/yacht-master/1411-572-7.html
1411-585-2,Datejust  Certified Pre-Owned,2002,16233,36,8200,Champagne,https://www.bucherer.com/rolex-certified-pre-owned/watches/datejust/1411-585-2.html
1411-566-9,Yacht-Master  Certified Pre-Owned,2008,16622,40,12700,Silver,https://www.bucherer.com/rolex-certified-pre-owned/watches/yacht-master/1411-566-9.html
1411-567-0,Datejust  Certified Pre-Owned,2008,116234,36,10200,Silver,https://www.bucherer.com/rolex-certified-pre-owned/watches/datejust/1411-567-0.html
1411-556-7,Datejust  Certified Pre-Owned,2004,16234,36,7800,"Silver
sales guarantee (original)",https://www.bucherer.com/rolex-certified-pre-owned/watches/datejust/1411-556-7.html
1411-118-9,Turn-O-Graph  Certified Pre-Owned,2007,116264,36,9800,"Black
sales guarantee (original)",https://www.bucherer.com/rolex-certified-pre-owned/watches/turn-o-graph/1411-118-9.html
1411-111-2,Submariner  Certified Pre-Owned,2000,14060,40,10000,Black,https://www.bucherer.com/rolex-certified-pre-owned/watches/submariner/1411-111-2.html
1411-117-8,Datejust  Certified Pre-Owned,2004,116233,36,13200,Champagne,https://www.bucherer.com/rolex-certified-pre-owned/watches/datejust/1411-117-8.html
1411-134-9,Explorer  Certified Pre-Owned,2008,114270,36,8000,"Black
sales guarantee (original), sales box (original)",https://www.bucherer.com/rolex-certified-pre-owned/watches/explorer/1411-134-9.html
1411-124-7,Datejust  Certified Pre-Owned,,178240,31,7700,"Silver
sales guarantee (original), sales box (original)",https://www.bucherer.com/rolex-certified-pre-owned/watches/datejust/1411-124-7.html
1411-091-5,Oyster Perpetual  Certified Pre-Owned,2007,114234,34,7200,White,https://www.bucherer.com/rolex-certified-pre-owned/watches/oyster-perpetual/1411-091-5.html
1411-070-0,Submariner Date  Certified Pre-Owned,1987,16800,40,13600,Black,https://www.bucherer.com/rolex-certified-pre-owned/watches/submariner-date/1411-070-0.html
1411-146-3,Turn-O-Graph  Certified Pre-Owned,2004,16264,36,8200,Black,https://www.bucherer.com/rolex-certified-pre-owned/watches/turn-o-graph/1411-146-3.html
1411-095-9,Yacht-Master  Certified Pre-Owned,2002,16622,40,12700,Silver,https://www.bucherer.com/rolex-certified-pre-owned/watches/yacht-master/1411-095-9.html
1411-109-8,Submariner  Certified Pre-Owned,1991,14060,40,10000,Black,https://www.bucherer.com/rolex-certified-pre-owned/watches/submariner/1411-109-8.html
1411-140-7,Day-Date  Certified Pre-Owned,2008,218239,41,37500,Black,https://www.bucherer.com/rolex-certified-pre-owned/watches/day-date/1411-140-7.html
1411-147-4,Datejust  Certified Pre-Owned,,116300,41,10600,"Silver
sales guarantee (original)",https://www.bucherer.com/rolex-certified-pre-owned/watches/datejust/1411-147-4.html
1411-127-0,Sky-Dweller  Certified Pre-Owned,,326939,42,42000,"Silver
sales guarantee (original), sales box (original)",https://www.bucherer.com/rolex-certified-pre-owned/watches/sky-dweller/1411-127-0.html
1411-061-9,Oyster Perpetual  Certified Pre-Owned,2002,14000M,34,5700,Black,https://www.bucherer.com/rolex-certified-pre-owned/watches/oyster-perpetual/1411-061-9.html
1411-150-9,Oyster Perpetual  Certified Pre-Owned,2006,114210,34,7200,Silver,https://www.bucherer.com/rolex-certified-pre-owned/watches/oyster-perpetual/1411-150-9.html
1411-123-6,Explorer II  Certified Pre-Owned,1999,16570,40,11000,White,https://www.bucherer.com/rolex-certified-pre-owned/watches/explorer-ii/1411-123-6.html
1408-819-2,Day-Date  Certified Pre-Owned,2282,228238,40,44000,"Black
sales guarantee (original), sales box (original)",https://www.bucherer.com/rolex-certified-pre-owned/watches/day-date/1408-819-2.html
1403-807-8,Sea-Dweller  Certified Pre-Owned,2005,16600,40,10500,Black,https://www.bucherer.com/rolex-certified-pre-owned/watches/sea-dweller/1403-807-8.html
1410-770-7,Explorer  Certified Pre-Owned,1998,14270,36,8500,Black,https://www.bucherer.com/rolex-certified-pre-owned/watches/explorer/1410-770-7.html
1410-751-4,Day-Date  Certified Pre-Owned,2001,118208,36,27500,"Silver
sales guarantee (original), sales box (original)",https://www.bucherer.com/rolex-certified-pre-owned/watches/day-date/1410-751-4.html
1410-754-7,Pearlmaster  Certified Pre-Owned,2014,81315,34,28000,Brown,https://www.bucherer.com/rolex-certified-pre-owned/watches/pearlmaster/1410-754-7.html
1410-752-5,Air-King  Certified Pre-Owned,2017,116900,40,11000,"Black
sales guarantee (original), sales box (original)",https://www.bucherer.com/rolex-certified-pre-owned/watches/air-king/1410-752-5.html
1410-732-1,Datejust  Certified Pre-Owned,2009,179174,26,7000,White,https://www.bucherer.com/rolex-certified-pre-owned/watches/datejust/1410-732-1.html
1410-601-1,Deepsea  Certified Pre-Owned,2017,116660,44,17400,"Black
sales guarantee (original)",https://www.bucherer.com/rolex-certified-pre-owned/watches/deepsea/1410-601-1.html
1410-591-6,Oyster Perpetual  Certified Pre-Owned,2007,114200,34,6500,White,https://www.bucherer.com/rolex-certified-pre-owned/watches/oyster-perpetual/1410-591-6.html
1410-792-3,Submariner Date  Certified Pre-Owned,1988,16800,40,13000,Black,https://www.bucherer.com/rolex-certified-pre-owned/watches/submariner-date/1410-792-3.html
1410-785-4,Turn-O-Graph  Certified Pre-Owned,2004,16264,36,8000,Blue,https://www.bucherer.com/rolex-certified-pre-owned/watches/turn-o-graph/1410-785-4.html
1410-784-3,Turn-O-Graph  Certified Pre-Owned,2003,16264,36,8000,Black,https://www.bucherer.com/rolex-certified-pre-owned/watches/turn-o-graph/1410-784-3.html
1410-745-6,Turn-O-Graph  Certified Pre-Owned,2006,116261,36,11300,"Black
sales guarantee (original), sales box (original)",https://www.bucherer.com/rolex-certified-pre-owned/watches/turn-o-graph/1410-745-6.html
1410-711-6,Yacht-Master  Certified Pre-Owned,1995,16628,40,27500,White,https://www.bucherer.com/rolex-certified-pre-owned/watches/yacht-master/1410-711-6.html
1410-715-0,Explorer II  Certified Pre-Owned,1997,16570,40,9500,Black,https://www.bucherer.com/rolex-certified-pre-owned/watches/explorer-ii/1410-715-0.html
1410-707-0,Date  Certified Pre-Owned,1988,15038,34,9500,White,https://www.bucherer.com/rolex-certified-pre-owned/watches/date/1410-707-0.html
1410-592-7,Oyster Perpetual  Certified Pre-Owned,,114300,39,9900,"Red
sales guarantee (original), sales box (original)",https://www.bucherer.com/rolex-certified-pre-owned/watches/oyster-perpetual/1410-592-7.html
1410-596-1,Oyster Perpetual  Certified Pre-Owned,2007,116000,36,8200,"Black
sales guarantee (original)",https://www.bucherer.com/rolex-certified-pre-owned/watches/oyster-perpetual/1410-596-1.html
1410-433-3,Cosmograph Daytona  Certified Pre-Owned,1997,16520,40,38000,"Black
sales guarantee (original)",https://www.bucherer.com/rolex-certified-pre-owned/watches/cosmograph-daytona/1410-433-3.html
1410-336-3,Turn-O-Graph  Certified Pre-Owned,1985,16253,36,7100,sales box (original),https://www.bucherer.com/rolex-certified-pre-owned/watches/turn-o-graph/1410-336-3.html
1410-262-2,Submariner Date  Certified Pre-Owned,1982,16800,40,12500,Black,https://www.bucherer.com/rolex-certified-pre-owned/watches/submariner-date/1410-262-2.html
1410-229-1,Submariner  Certified Pre-Owned,2000,14060,40,9900,"Black
sales guarantee (original)",https://www.bucherer.com/rolex-certified-pre-owned/watches/submariner/1410-229-1.html
1410-224-6,Submariner  Certified Pre-Owned,2001,14060,40,9500,Black,https://www.bucherer.com/rolex-certified-pre-owned/watches/submariner/1410-224-6.html
1410-367-0,GMT-Master  Certified Pre-Owned,1983,16753,40,14800,Water resistance,https://www.bucherer.com/rolex-certified-pre-owned/watches/gmt-master/1410-367-0.html
1410-338-5,Turn-O-Graph  Certified Pre-Owned,2004,116261,36,9700,Silver,https://www.bucherer.com/rolex-certified-pre-owned/watches/turn-o-graph/1410-338-5.html
1410-284-8,Day-Date  Certified Pre-Owned,2001,118205,36,28000,"Rose
sales guarantee (original)",https://www.bucherer.com/rolex-certified-pre-owned/watches/day-date/1410-284-8.html
1409-785-3,Sky-Dweller  Certified Pre-Owned,,326939,42,39000,Silver,https://www.bucherer.com/rolex-certified-pre-owned/watches/sky-dweller/1409-785-3.html
1409-778-4,Deepsea  Certified Pre-Owned,,126660,44,15000,"Black
sales guarantee (original), sales box (original)",https://www.bucherer.com/rolex-certified-pre-owned/watches/deepsea/1409-778-4.html
1409-750-2,Explorer II  Certified Pre-Owned,2000,16570,40,9500,White,https://www.bucherer.com/rolex-certified-pre-owned/watches/explorer-ii/1409-750-2.html
1409-711-5,Turn-O-Graph  Certified Pre-Owned,2005,116264,36,9000,White,https://www.bucherer.com/rolex-certified-pre-owned/watches/turn-o-graph/1409-711-5.html
1409-626-9,Turn-O-Graph  Certified Pre-Owned,1996,16264,36,8000,Silver,https://www.bucherer.com/rolex-certified-pre-owned/watches/turn-o-graph/1409-626-9.html
1409-609-8,Sea-Dweller  Certified Pre-Owned,1993,16600,40,10500,Black,https://www.bucherer.com/rolex-certified-pre-owned/watches/sea-dweller/1409-609-8.html
1409-590-4,Datejust  Certified Pre-Owned,2007,116200,36,8400,"White
sales guarantee (original)",https://www.bucherer.com/rolex-certified-pre-owned/watches/datejust/1409-590-4.html
1409-557-3,Datejust  Certified Pre-Owned,2007,116200,36,8400,"Black
sales guarantee (original)",https://www.bucherer.com/rolex-certified-pre-owned/watches/datejust/1409-557-3.html
1409-239-2,Day-Date  Certified Pre-Owned,,18038,36,22000,sales box (original),https://www.bucherer.com/rolex-certified-pre-owned/watches/day-date/1409-239-2.html
1409-151-5,Day-Date  Certified Pre-Owned,,18038,36,20000,Champagne,https://www.bucherer.com/rolex-certified-pre-owned/watches/day-date/1409-151-5.html
1409-164-0,Submariner  Certified Pre-Owned,1997,14060,40,9600,sales box (original),https://www.bucherer.com/rolex-certified-pre-owned/watches/submariner/1409-164-0.html
1409-143-5,Submariner Date  Certified Pre-Owned,,16808,40,32000,Champagne,https://www.bucherer.com/rolex-certified-pre-owned/watches/submariner-date/1409-143-5.html
1409-147-9,GMT-Master  Certified Pre-Owned,1981,16750,40,16800,Water resistance,https://www.bucherer.com/rolex-certified-pre-owned/watches/gmt-master/1409-147-9.html
1408-707-5,Day-Date  Certified Pre-Owned,1988,18038,36,19500,Champagne,https://www.bucherer.com/rolex-certified-pre-owned/watches/day-date/1408-707-5.html
1408-704-2,Deepsea  Certified Pre-Owned,,116660,44,14500,"Black
sales guarantee (original), sales box (original)",https://www.bucherer.com/rolex-certified-pre-owned/watches/deepsea/1408-704-2.html
1408-477-0,Cosmograph Daytona  Certified Pre-Owned,2002,116528,40,49800,"Black
sales guarantee (original)",https://www.bucherer.com/rolex-certified-pre-owned/watches/cosmograph-daytona/1408-477-0.html
1408-478-1,Cosmograph Daytona  Certified Pre-Owned,1996,16528,40,50000,White,https://www.bucherer.com/rolex-certified-pre-owned/watches/cosmograph-daytona/1408-478-1.html
1408-474-7,Day-Date  Certified Pre-Owned,1979,18038,36,19800,sales box (original),https://www.bucherer.com/rolex-certified-pre-owned/watches/day-date/1408-474-7.html
1408-413-4,Sky-Dweller  Certified Pre-Owned,,326939,42,42000,sales box (original),https://www.bucherer.com/rolex-certified-pre-owned/watches/sky-dweller/1408-413-4.html
1408-458-7,Air-King  Certified Pre-Owned,,116900,40,10500,"Black
sales guarantee (original), sales box (original)",https://www.bucherer.com/rolex-certified-pre-owned/watches/air-king/1408-458-7.html
1408-243-4,Sea-Dweller  Certified Pre-Owned,1997,16600,40,10500,Black,https://www.bucherer.com/rolex-certified-pre-owned/watches/sea-dweller/1408-243-4.html
1408-221-8,Deepsea  Certified Pre-Owned,,116660,44,17000,"Black
sales box (original), sales guarantee (original)",https://www.bucherer.com/rolex-certified-pre-owned/watches/deepsea/1408-221-8.html
1408-465-6,Deepsea  Certified Pre-Owned,2008,116660,44,14400,"Black
sales guarantee (original)",https://www.bucherer.com/rolex-certified-pre-owned/watches/deepsea/1408-465-6.html
1408-253-6,Submariner  Certified Pre-Owned,1991,14060,40,9500,Black,https://www.bucherer.com/rolex-certified-pre-owned/watches/submariner/1408-253-6.html
1408-360-8,Sky-Dweller  Certified Pre-Owned,,326939,42,39800,"White
sales guarantee (original), sales box (original)",https://www.bucherer.com/rolex-certified-pre-owned/watches/sky-dweller/1408-360-8.html
1408-287-6,Datejust  Certified Pre-Owned,1991,16200,36,7000,Silver,https://www.bucherer.com/rolex-certified-pre-owned/watches/datejust/1408-287-6.html
1408-406-5,Yacht-Master  Certified Pre-Owned,1991,16628,40,27600,White,https://www.bucherer.com/rolex-certified-pre-owned/watches/yacht-master/1408-406-5.html
1408-238-7,Submariner Date  Certified Pre-Owned,1991,16610,40,10000,Black,https://www.bucherer.com/rolex-certified-pre-owned/watches/submariner-date/1408-238-7.html
1402-609-0,Sea-Dweller  Certified Pre-Owned,2004,16600T,40,10600,Black,https://www.bucherer.com/rolex-certified-pre-owned/watches/sea-dweller/1402-609-0.html
1402-469-6,Sea-Dweller  Certified Pre-Owned,2006,16600T,40,10600,Black,https://www.bucherer.com/rolex-certified-pre-owned/watches/sea-dweller/1402-469-6.html
1407-453-8,Turn-O-Graph  Certified Pre-Owned,2006,116264,36,9400,"Black
sales guarantee (original)",https://www.bucherer.com/rolex-certified-pre-owned/watches/turn-o-graph/1407-453-8.html
1407-521-3,Datejust  Certified Pre-Owned,,126333,41,14500,"White
sales guarantee (original), sales box (original)",https://www.bucherer.com/rolex-certified-pre-owned/watches/datejust/1407-521-3.html
1406-864-9,Datejust  Certified Pre-Owned,,126234,36,12500,Black,https://www.bucherer.com/rolex-certified-pre-owned/watches/datejust/1406-864-9.html
1406-690-5,Oyster Perpetual  Certified Pre-Owned,,176200,26,5000,"Blue
sales guarantee (original), sales box (original)",https://www.bucherer.com/rolex-certified-pre-owned/watches/oyster-perpetual/1406-690-5.html
1406-503-7,Datejust  Certified Pre-Owned,1976,16200,36,7000,Silver,https://www.bucherer.com/rolex-certified-pre-owned/watches/datejust/1406-503-7.html
1406-548-0,Turn-O-Graph  Certified Pre-Owned,2004,116264,36,9400,"White
sales guarantee (original)",https://www.bucherer.com/rolex-certified-pre-owned/watches/turn-o-graph/1406-548-0.html
1406-536-6,Turn-O-Graph  Certified Pre-Owned,1999,16264,36,7500,Silver,https://www.bucherer.com/rolex-certified-pre-owned/watches/turn-o-graph/1406-536-6.html
1406-538-8,Turn-O-Graph  Certified Pre-Owned,2000,16264,36,7900,"Silver
sales guarantee (original)",https://www.bucherer.com/rolex-certified-pre-owned/watches/turn-o-graph/1406-538-8.html
1406-524-2,Datejust  Certified Pre-Owned,1989,16233,36,9000,Champagne,https://www.bucherer.com/rolex-certified-pre-owned/watches/datejust/1406-524-2.html
1406-518-4,Turn-O-Graph  Certified Pre-Owned,1997,16264,36,7900,"Silver
sales guarantee (original)",https://www.bucherer.com/rolex-certified-pre-owned/watches/turn-o-graph/1406-518-4.html
1406-498-7,Datejust  Certified Pre-Owned,2006,116200,36,8400,"Silver
sales guarantee (original)",https://www.bucherer.com/rolex-certified-pre-owned/watches/datejust/1406-498-7.html
1406-499-8,Datejust  Certified Pre-Owned,2006,116200,36,8000,Silver,https://www.bucherer.com/rolex-certified-pre-owned/watches/datejust/1406-499-8.html
1406-546-8,Turn-O-Graph  Certified Pre-Owned,2004,116264,36,9000,White,https://www.bucherer.com/rolex-certified-pre-owned/watches/turn-o-graph/1406-546-8.html
1406-209-4,Turn-O-Graph  Certified Pre-Owned,2002,16264,36,7500,Blue,https://www.bucherer.com/rolex-certified-pre-owned/watches/turn-o-graph/1406-209-4.html
1406-170-6,Oyster Perpetual  Certified Pre-Owned,,114300,39,10100,Blue,https://www.bucherer.com/rolex-certified-pre-owned/watches/oyster-perpetual/1406-170-6.html
1406-149-9,Sea-Dweller  Certified Pre-Owned,,16600,40,10500,Black,https://www.bucherer.com/rolex-certified-pre-owned/watches/sea-dweller/1406-149-9.html
1406-172-8,Yacht-Master  Certified Pre-Owned,,168622,35,8500,Silver,https://www.bucherer.com/rolex-certified-pre-owned/watches/yacht-master/1406-172-8.html
1406-243-6,Cosmograph Daytona  Certified Pre-Owned,2000,116519,40,37500,"Mother-of-pearl
sales guarantee (original), sales box (original)",https://www.bucherer.com/rolex-certified-pre-owned/watches/cosmograph-daytona/1406-243-6.html
1406-139-7,Deepsea  Certified Pre-Owned,2010,116660,44,14000,Black,https://www.bucherer.com/rolex-certified-pre-owned/watches/deepsea/1406-139-7.html
1405-693-4,Day-Date  Certified Pre-Owned,2002,118239,36,30000,Silver,https://www.bucherer.com/rolex-certified-pre-owned/watches/day-date/1405-693-4.html
1405-399-1,Cosmograph Daytona  Certified Pre-Owned,2002,116519,40,53000,"Mother-of-pearl
sales guarantee (original)",https://www.bucherer.com/rolex-certified-pre-owned/watches/cosmograph-daytona/1405-399-1.html
1405-157-5,Turn-O-Graph  Certified Pre-Owned,2004,116264,36,9000,White,https://www.bucherer.com/rolex-certified-pre-owned/watches/turn-o-graph/1405-157-5.html
1399-094-8,Deepsea  Certified Pre-Owned,2007,116660,44,14000,Black,https://www.bucherer.com/rolex-certified-pre-owned/watches/deepsea/1399-094-8.html
1374-740-1,Turn-O-Graph  Certified Pre-Owned,2005,116264,36,9600,"White
sales guarantee (original)",https://www.bucherer.com/rolex-certified-pre-owned/watches/turn-o-graph/1374-740-1.html
1384-925-5,Sea-Dweller  Certified Pre-Owned,2002,16600,40,10900,"Black
sales guarantee (original)",https://www.bucherer.com/rolex-certified-pre-owned/watches/sea-dweller/1384-925-5.html
1375-287-5,Explorer II  Certified Pre-Owned,1997,16570,40,10200,"Black
sales guarantee (original)",https://www.bucherer.com/rolex-certified-pre-owned/watches/explorer-ii/1375-287-5.html
1375-286-4,Explorer II  Certified Pre-Owned,1993,16570,40,9800,Black,https://www.bucherer.com/rolex-certified-pre-owned/watches/explorer-ii/1375-286-4.html
1405-398-0,Day-Date  Certified Pre-Owned,,118399,36,55000,Mother-of-pearl,https://www.bucherer.com/rolex-certified-pre-owned/watches/day-date/1405-398-0.html
1403-831-8,Datejust  Certified Pre-Owned,2005,116200,36,8500,Silver,https://www.bucherer.com/rolex-certified-pre-owned/watches/datejust/1403-831-8.html
1403-468-9,Submariner Date  Certified Pre-Owned,,116618,40,33500,Blue,https://www.bucherer.com/rolex-certified-pre-owned/watches/submariner-date/1403-468-9.html
1402-470-9,Cosmograph Daytona  Certified Pre-Owned,1996,16518,40,31000,White,https://www.bucherer.com/rolex-certified-pre-owned/watches/cosmograph-daytona/1402-470-9.html
1405-079-8,Datejust  Certified Pre-Owned,2008,116200,36,8400,Grey,https://www.bucherer.com/rolex-certified-pre-owned/watches/datejust/1405-079-8.html
1404-407-0,Explorer II  Certified Pre-Owned,1997,16570,40,9600,Black,https://www.bucherer.com/rolex-certified-pre-owned/watches/explorer-ii/1404-407-0.html
1404-061-4,Explorer II  Certified Pre-Owned,1999,16570,40,9600,Black,https://www.bucherer.com/rolex-certified-pre-owned/watches/explorer-ii/1404-061-4.html
1405-060-7,Explorer II  Certified Pre-Owned,1996,16570,40,10900,sales box (original),https://www.bucherer.com/rolex-certified-pre-owned/watches/explorer-ii/1405-060-7.html
1405-047-0,Turn-O-Graph  Certified Pre-Owned,1997,16264,36,7900,"Silver
sales guarantee (original)",https://www.bucherer.com/rolex-certified-pre-owned/watches/turn-o-graph/1405-047-0.html
1405-042-5,Air-King  Certified Pre-Owned,,116900,40,10900,"Black
sales guarantee (original)",https://www.bucherer.com/rolex-certified-pre-owned/watches/air-king/1405-042-5.html
1404-824-3,Turn-O-Graph  Certified Pre-Owned,1997,16264,36,7900,"Silver
sales guarantee (original)",https://www.bucherer.com/rolex-certified-pre-owned/watches/turn-o-graph/1404-824-3.html
1404-839-0,Turn-O-Graph  Certified Pre-Owned,2002,16264,36,7900,"Silver
sales guarantee (original)",https://www.bucherer.com/rolex-certified-pre-owned/watches/turn-o-graph/1404-839-0.html
1404-547-1,Explorer II  Certified Pre-Owned,1999,16570,40,9500,Black,https://www.bucherer.com/rolex-certified-pre-owned/watches/explorer-ii/1404-547-1.html
1404-199-1,Submariner Date  Certified Pre-Owned,1990,16618,40,30600,sales box (original),https://www.bucherer.com/rolex-certified-pre-owned/watches/submariner-date/1404-199-1.html
1404-387-3,Sea-Dweller  Certified Pre-Owned,2002,16600,40,10600,sales box (original),https://www.bucherer.com/rolex-certified-pre-owned/watches/sea-dweller/1404-387-3.html
1404-094-3,Datejust  Certified Pre-Owned,1999,16234,36,7200,Silver,https://www.bucherer.com/rolex-certified-pre-owned/watches/datejust/1404-094-3.html
1404-050-1,Cosmograph Daytona  Certified Pre-Owned,2007,116518,40,37000,"Black
sales guarantee (original), sales box (original)",https://www.bucherer.com/rolex-certified-pre-owned/watches/cosmograph-daytona/1404-050-1.html
1402-841-6,Submariner Date  Certified Pre-Owned,1999,16610,40,10400,"Black
sales guarantee (original)",https://www.bucherer.com/rolex-certified-pre-owned/watches/submariner-date/1402-841-6.html
1402-160-8,Explorer II  Certified Pre-Owned,1993,16570,40,9500,Black,https://www.bucherer.com/rolex-certified-pre-owned/watches/explorer-ii/1402-160-8.html
1400-734-6,Yacht-Master  Certified Pre-Owned,2005,16628,40,27500,White,https://www.bucherer.com/rolex-certified-pre-owned/watches/yacht-master/1400-734-6.html
1401-944-8,Sea-Dweller  Certified Pre-Owned,2001,16600,40,10600,sales box (original),https://www.bucherer.com/rolex-certified-pre-owned/watches/sea-dweller/1401-944-8.html
1401-942-6,Sea-Dweller  Certified Pre-Owned,2000,16600,40,10500,Black,https://www.bucherer.com/rolex-certified-pre-owned/watches/sea-dweller/1401-942-6.html
1374-841-5,GMT-Master  Certified Pre-Owned,1998,16700,40,13500,Black,https://www.bucherer.com/rolex-certified-pre-owned/watches/gmt-master/1374-841-5.html
1400-285-2,Oysterquartz  Certified Pre-Owned,1979,19019,36,28900,Blue,https://www.bucherer.com/rolex-certified-pre-owned/watches/oysterquartz/1400-285-2.html
1400-238-5,Submariner Date  Certified Pre-Owned,2005,16618T,40,38000,"Silver
sales guarantee (original), sales box (original)",https://www.bucherer.com/rolex-certified-pre-owned/watches/submariner-date/1400-238-5.html
1398-896-0,Yacht-Master  Certified Pre-Owned,,116655,40,32800,Black,https://www.bucherer.com/rolex-certified-pre-owned/watches/yacht-master/1398-896-0.html
1399-116-7,Submariner Date  Certified Pre-Owned,,16618,40,29500,Black,https://www.bucherer.com/rolex-certified-pre-owned/watches/submariner-date/1399-116-7.html
1398-879-9,GMT-Master  Certified Pre-Owned,1991,16700,40,13500,Black,https://www.bucherer.com/rolex-certified-pre-owned/watches/gmt-master/1398-879-9.html
1398-878-8,GMT-Master  Certified Pre-Owned,1996,16700,40,13500,Black,https://www.bucherer.com/rolex-certified-pre-owned/watches/gmt-master/1398-878-8.html
1398-229-1,Sea-Dweller  Certified Pre-Owned,1996,16600,40,10500,Black,https://www.bucherer.com/rolex-certified-pre-owned/watches/sea-dweller/1398-229-1.html
1384-915-3,Submariner  Certified Pre-Owned,2001,14060,40,11900,Black,https://www.bucherer.com/rolex-certified-pre-owned/watches/submariner/1384-915-3.html
1384-928-8,Yacht-Master  Certified Pre-Owned,1999,16622,40,12500,"Silver
sales guarantee (original), sales box (original)",https://www.bucherer.com/rolex-certified-pre-owned/watches/yacht-master/1384-928-8.html
1374-964-5,GMT-Master  Certified Pre-Owned,1999,16700,40,13500,Black,https://www.bucherer.com/rolex-certified-pre-owned/watches/gmt-master/1374-964-5.html
1374-270-2,GMT-Master  Certified Pre-Owned,1991,16700,40,13500,Black,https://www.bucherer.com/rolex-certified-pre-owned/watches/gmt-master/1374-270-2.html
1374-169-6,Day-Date  Certified Pre-Owned,1993,18239,36,24200,Silver,https://www.bucherer.com/rolex-certified-pre-owned/watches/day-date/1374-169-6.html
1373-933-4,Day-Date  Certified Pre-Owned,2182,218239,41,40000,Black,https://www.bucherer.com/rolex-certified-pre-owned/watches/day-date/1373-933-4.html
1373-924-3,Day-Date  Certified Pre-Owned,1999,18239,36,23500,Silver,https://www.bucherer.com/rolex-certified-pre-owned/watches/day-date/1373-924-3.html
1373-860-4,GMT-Master II  Certified Pre-Owned,2001,16710,40,13900,"Black
sales guarantee (original)",https://www.bucherer.com/rolex-certified-pre-owned/watches/gmt-master-ii/1373-860-4.html
1369-454-1,Day-Date  Certified Pre-Owned,2001,118239,36,30000,Silver,https://www.bucherer.com/rolex-certified-pre-owned/watches/day-date/1369-454-1.html
1368-853-8,Cosmograph Daytona  Certified Pre-Owned,1995,16528,40,50000,Black,https://www.bucherer.com/rolex-certified-pre-owned/watches/cosmograph-daytona/1368-853-8.html
1366-094-5,Sky-Dweller  Certified Pre-Owned,,326138,42,35000,"Black
sales guarantee (original)",https://www.bucherer.com/rolex-certified-pre-owned/watches/sky-dweller/1366-094-5.html
1366-035-4,Sky-Dweller  Certified Pre-Owned,,326135,42,38000,"White
sales guarantee (original)",https://www.bucherer.com/rolex-certified-pre-owned/watches/sky-dweller/1366-035-4.html
1366-024-1,Sky-Dweller  Certified Pre-Owned,,326135,42,38000,"White
sales guarantee (original)",https://www.bucherer.com/rolex-certified-pre-owned/watches/sky-dweller/1366-024-1.html
1366-020-7,Sky-Dweller  Certified Pre-Owned,,326135,42,38000,"Grey
sales guarantee (original)",https://www.bucherer.com/rolex-certified-pre-owned/watches/sky-dweller/1366-020-7.html
1365-639-2,Yacht-Master  Certified Pre-Owned,,268655,37,27000,"Black
sales guarantee (original)",https://www.bucherer.com/rolex-certified-pre-owned/watches/yacht-master/1365-639-2.html
1355-410-6,Explorer II  Certified Pre-Owned,2002,16570,40,10200,"Black
sales guarantee (original)",https://www.bucherer.com/rolex-certified-pre-owned/watches/explorer-ii/1355-410-6.html
1357-414-8,Datejust  Certified Pre-Owned,,16248,36,18000,Champagne,https://www.bucherer.com/rolex-certified-pre-owned/watches/datejust/1357-414-8.html
1355-472-0,Sea-Dweller  Certified Pre-Owned,1991,16600,40,10500,Black,https://www.bucherer.com/rolex-certified-pre-owned/watches/sea-dweller/1355-472-0.html
1352-565-2,Explorer  Certified Pre-Owned,2002,114270,36,7900,Black,https://www.bucherer.com/rolex-certified-pre-owned/watches/explorer/1352-565-2.html
