1404-824-3,Turn-O-Graph  Certified Pre-Owned,1997,16264,36mm,7900,"Silver
sales guarantee (original)"
1403-978-6,Turn-O-Graph  Certified Pre-Owned,2006,116264,36mm,9100,Black
1403-966-2,Day-Date  Certified Pre-Owned,1984,18038,36mm,21000,Champagne
1403-983-3,Datejust  Certified Pre-Owned,2010,178384,31mm,14000,"Rose
sales guarantee (original), sales box (original)"
1403-962-8,Datejust  Certified Pre-Owned,2006,178279,31mm,17100,Black
1403-959-3,Day-Date  Certified Pre-Owned,,18948,36mm,59000,"Pavé
sales guarantee (original), sales box (original)"
1403-956-0,Turn-O-Graph  Certified Pre-Owned,2004,116264,36mm,9000,Black
1403-955-9,Sky-Dweller  Certified Pre-Owned,,326933,42mm,21500,"Black
sales guarantee (original), sales box (original)"
1403-964-0,Datejust  Certified Pre-Owned,2005,179161,26mm,6800,Silver
1403-951-5,Datejust  Certified Pre-Owned,2005,116201,36mm,10000,Silver
1403-929-7,Cosmograph Daytona  Certified Pre-Owned,,116509,40mm,42000,"Grey
sales guarantee (original), sales box (original)"
1403-952-6,Datejust  Certified Pre-Owned,2007,116234,36mm,9600,Black
1403-946-8,Date  Certified Pre-Owned,,15223,34mm,6200,White
1403-953-7,Datejust  Certified Pre-Owned,,116234,36mm,9600,Black
1403-924-2,Cosmograph Daytona  Certified Pre-Owned,2001,116528,40mm,49000,"Black
sales guarantee (original), sales box (original)"
1403-832-9,Datejust  Certified Pre-Owned,,116200,36mm,8500,Silver
1403-847-6,GMT-Master II  Certified Pre-Owned,,116710,40mm,15000,"Black
sales guarantee (original), sales box (original)"
1403-831-8,Datejust  Certified Pre-Owned,2005,116200,36mm,8500,Silver
1403-928-6,Cosmograph Daytona  Certified Pre-Owned,2007,116509,40mm,42000,"Grey
sales guarantee (original), sales box (original)"
1403-468-9,Submariner Date  Certified Pre-Owned,,116618,40mm,39500,Blue
1403-215-0,Turn-O-Graph  Certified Pre-Owned,1996,16264,36mm,7900,Black
1403-313-1,Submariner Date  Certified Pre-Owned,1982,16800,40mm,12500,Black
1403-205-8,Turn-O-Graph  Certified Pre-Owned,,16263,36mm,8500,Silver
1403-182-8,Cosmograph Daytona  Certified Pre-Owned,1998,16520,40mm,33000,sales box (original)
1403-179-3,GMT-Master II  Certified Pre-Owned,,16713,40mm,14500,Black
1403-198-6,Yacht-Master  Certified Pre-Owned,,116655,40mm,55000,"Pavé
sales guarantee (original), sales box (original)"
1403-204-7,Datejust  Certified Pre-Owned,2008,116243,36mm,17500,"Mother-of-pearl
sales guarantee (original), sales box (original)"
1403-171-5,Datejust  Certified Pre-Owned,1998,69174,26mm,5000,"Rose
sales guarantee (original), sales box (original)"
1403-169-1,Sky-Dweller  Certified Pre-Owned,,326934,42mm,24900,"Black
sales guarantee (original), sales box (original)"
1402-887-0,Datejust  Certified Pre-Owned,2007,116200,36mm,8000,Black
1402-854-1,Datejust  Certified Pre-Owned,,69158,26mm,16500,sales box (original)
1403-172-6,Day-Date  Certified Pre-Owned,,118138,36mm,28000,Green
1402-802-9,Datejust  Certified Pre-Owned,2007,116200,36mm,8000,White
1402-812-1,Turn-O-Graph  Certified Pre-Owned,1993,16264,36mm,7600,"Silver
sales guarantee (original)"
1402-799-1,Datejust  Certified Pre-Owned,2010,116200,36mm,8200,Rose
1402-809-6,Explorer II  Certified Pre-Owned,,16570,40mm,9400,Black
1402-766-2,Datejust  Certified Pre-Owned,1995,16234,36mm,7500,"Silver
sales guarantee (original), sales box (original)"
1402-767-3,Datejust  Certified Pre-Owned,1990,16234,36mm,7400,"Silver
sales guarantee (original)"
1402-583-7,Submariner Date  Certified Pre-Owned,,116619,40mm,42000,Blue
1402-472-1,Explorer II  Certified Pre-Owned,2006,16570,40mm,9600,"Black
sales guarantee (original)"
1402-470-9,Cosmograph Daytona  Certified Pre-Owned,1996,16518,40mm,31000,White
1402-461-8,Cosmograph Daytona  Certified Pre-Owned,2004,116518,40mm,38000,"Champagne
sales guarantee (original)"
1405-090-3,Datejust  Certified Pre-Owned,,116234,36mm,9600,Black
1405-089-0,Datejust  Certified Pre-Owned,2010,116234,36mm,9600,Silver
1405-076-5,Yacht-Master  Certified Pre-Owned,2002,168622,35mm,8900,"Silver
sales guarantee (original)"
1405-078-7,Datejust  Certified Pre-Owned,,178271,31mm,12000,"Black
sales guarantee (original), sales box (original)"
1405-074-3,Datejust  Certified Pre-Owned,2006,116200,36mm,8400,"Black
sales guarantee (original)"
1405-079-8,Datejust  Certified Pre-Owned,2008,116200,36mm,8400,Grey
1405-073-2,Explorer II  Certified Pre-Owned,2004,16570,40mm,10000,"Black
sales guarantee (original), sales box (original)"
1405-017-4,Cosmograph Daytona  Certified Pre-Owned,2007,116519,40mm,55000,Meteorite
1405-050-5,Deepsea  Certified Pre-Owned,,116660,44mm,14500,"Black
sales guarantee (original), sales box (original)"
1405-040-3,Submariner  Certified Pre-Owned,,114060,40mm,13400,"Black
sales guarantee (original)"
1404-407-0,Explorer II  Certified Pre-Owned,1997,16570,40mm,9600,Black
1405-019-6,Cosmograph Daytona  Certified Pre-Owned,,116519,40mm,36000,"Black
sales guarantee (original), sales box (original)"
1404-070-5,Explorer II  Certified Pre-Owned,2002,16570,40mm,9900,White
1404-066-9,Explorer  Certified Pre-Owned,2004,114270,36mm,7500,Black
1404-064-7,Explorer  Certified Pre-Owned,2004,114270,36mm,7500,Black
1404-069-2,Explorer II  Certified Pre-Owned,1997,16570,40mm,9600,Black
1404-061-4,Explorer II  Certified Pre-Owned,1999,16570,40mm,9600,Black
1405-007-2,Submariner  Certified Pre-Owned,,114060,40mm,13500,"Black
sales guarantee (original), sales box (original)"
1405-065-2,Day-Date  Certified Pre-Owned,1990,18238,36mm,20000,Champagne
1405-056-1,Turn-O-Graph  Certified Pre-Owned,2004,16264,36mm,7900,"Black
sales guarantee (original)"
1404-985-9,Datejust  Certified Pre-Owned,,116234,36mm,10000,"Silver
sales guarantee (original), sales box (original)"
1404-992-8,Datejust  Certified Pre-Owned,2005,116234,36mm,9900,"Blue
sales guarantee (original)"
1404-991-7,Datejust  Certified Pre-Owned,2010,116234,36mm,9900,"White
sales guarantee (original)"
1404-990-6,Datejust  Certified Pre-Owned,2004,16234,36mm,7400,"Silver
sales guarantee (original)"
1404-994-0,GMT-Master II  Certified Pre-Owned,1997,16710,40mm,13800,Black
1405-081-2,Datejust  Certified Pre-Owned,2007,179174,26mm,8000,Mother-of-pearl
1405-070-9,GMT-Master II  Certified Pre-Owned,,116710,40mm,18400,"Black
sales guarantee (original)"
1405-062-9,Day-Date  Certified Pre-Owned,1991,18238,36mm,22000,"Champagne
sales guarantee (original), sales box (original)"
1405-063-0,Day-Date  Certified Pre-Owned,1991,18238,36mm,21000,"Champagne
sales guarantee (original), sales box (original)"
1405-083-4,Datejust  Certified Pre-Owned,,116333,41mm,14200,"Grey
sales guarantee (original)"
1405-060-7,Explorer II  Certified Pre-Owned,1996,16570,40mm,10900,sales box (original)
1405-048-1,Datejust  Certified Pre-Owned,2002,16220,36mm,7100,"Silver
sales guarantee (original)"
1405-051-6,Day-Date  Certified Pre-Owned,2006,118205,36mm,28500,"Black
sales guarantee (original), sales box (original)"
1405-055-0,Yacht-Master  Certified Pre-Owned,1995,68628,35mm,16800,White
1405-058-3,Yacht-Master  Certified Pre-Owned,2006,16623,40mm,13000,White
1405-049-2,Oyster Perpetual  Certified Pre-Owned,2008,114200,34mm,7200,"Blue
sales guarantee (original)"
1405-059-4,GMT-Master  Certified Pre-Owned,1991,16700,40mm,14500,Black
1405-044-7,Datejust  Certified Pre-Owned,2005,179160,26mm,5000,Grey
1405-041-4,Oyster Perpetual  Certified Pre-Owned,2006,114200,34mm,6500,Silver
1405-047-0,Turn-O-Graph  Certified Pre-Owned,1997,16264,36mm,7900,"Silver
sales guarantee (original)"
1405-042-5,Air-King  Certified Pre-Owned,,116900,40mm,10400,"Black
sales guarantee (original)"
1405-043-6,Submariner Date  Certified Pre-Owned,1993,16613,40mm,14700,Blue
1405-046-9,Cosmograph Daytona  Certified Pre-Owned,2008,116520,40mm,25500,Black
1405-035-6,GMT-Master II  Certified Pre-Owned,,116710,40mm,18400,"Black
sales guarantee (original)"
1405-030-1,Datejust  Certified Pre-Owned,1989,68273,31mm,8200,Champagne
1405-026-5,GMT-Master II  Certified Pre-Owned,,116710,40mm,18400,"Black
sales guarantee (original)"
1405-022-1,Datejust  Certified Pre-Owned,1996,69166,26mm,18000,"Silver
sales guarantee (original)"
1405-023-2,GMT-Master II  Certified Pre-Owned,2010,116710,40mm,15000,"Black
sales guarantee (original), sales box (original)"
1405-024-3,Oyster Perpetual  Certified Pre-Owned,2001,77080,31mm,4900,"Silver
sales guarantee (original)"
1405-015-2,Submariner Date  Certified Pre-Owned,1997,16610,40mm,12600,"Black
sales guarantee (original), sales box (original)"
1405-021-0,Oyster Perpetual  Certified Pre-Owned,1998,14000,34mm,5500,Blue
1405-020-9,GMT-Master II  Certified Pre-Owned,2008,116710,40mm,15000,"Black
sales guarantee (original), sales box (original)"
1405-018-5,Day-Date  Certified Pre-Owned,,118138,36mm,29000,"Brown
sales guarantee (original)"
1405-012-9,GMT-Master II  Certified Pre-Owned,,116710,40mm,18400,"Black
sales guarantee (original)"
1405-010-7,GMT-Master II  Certified Pre-Owned,,116710,40mm,18300,sales box (original)
1405-004-9,Datejust  Certified Pre-Owned,1991,16233,36mm,7600,Champagne
1405-013-0,Datejust  Certified Pre-Owned,1991,69173,26mm,5900,"Silver
sales guarantee (original)"
1405-003-8,Turn-O-Graph  Certified Pre-Owned,2005,116264,36mm,9000,White
1405-002-7,Datejust  Certified Pre-Owned,1991,16233,36mm,7600,Champagne
1404-995-1,GMT-Master II  Certified Pre-Owned,2002,16710,40mm,13500,Black
1404-857-2,Datejust  Certified Pre-Owned,1988,68273,31mm,7000,Champagne
1404-840-3,Submariner  Certified Pre-Owned,,114060,40mm,13400,"Black
sales guarantee (original)"
1404-823-2,Datejust  Certified Pre-Owned,1988,16234,36mm,7600,"Silver
sales guarantee (original)"
1404-822-1,Submariner Date  Certified Pre-Owned,2007,16234,40mm,12600,"Black
sales guarantee (original), sales box (original)"
1404-808-3,Datejust  Certified Pre-Owned,1988,16233,36mm,8000,"Champagne
sales guarantee (original)"
1404-828-7,GMT-Master II  Certified Pre-Owned,,116710,40mm,15000,"Black
sales guarantee (original), sales box (original)"
1404-826-5,Oyster Perpetual  Certified Pre-Owned,,177200,31mm,5900,"Black
sales guarantee (original)"
1404-841-4,Oyster Perpetual  Certified Pre-Owned,2008,114200,34mm,6900,"Silver
sales guarantee (original)"
1404-839-0,Turn-O-Graph  Certified Pre-Owned,2002,16264,36mm,7900,"Silver
sales guarantee (original)"
1404-798-8,Datejust  Certified Pre-Owned,2005,116234,36mm,9900,"Silver
sales guarantee (original)"
1404-573-3,Cellini  Certified Pre-Owned,,50515,39mm,14500,"Black
sales guarantee (original)"
1404-566-4,Datejust  Certified Pre-Owned,1988,68273,31mm,7200,Champagne
1404-555-1,GMT-Master  Certified Pre-Owned,1997,16700,40mm,13600,sales box (original)
1404-547-1,Explorer II  Certified Pre-Owned,1999,16570,40mm,9500,Black
1404-548-2,Submariner Date  Certified Pre-Owned,1993,16610,40mm,12100,Black
1404-561-9,Submariner  Certified Pre-Owned,,114060,40mm,13400,"Black
sales guarantee (original)"
1404-550-6,Submariner Date  Certified Pre-Owned,1996,16610,40mm,12500,sales box (original)
1404-370-4,Oyster Perpetual  Certified Pre-Owned,1999,77488,31mm,13500,White
1404-371-5,Sea-Dweller  Certified Pre-Owned,2005,77488,40mm,12000,Black
1404-199-1,Submariner Date  Certified Pre-Owned,1990,16618,40mm,33000,sales box (original)
1404-194-6,Submariner Date  Certified Pre-Owned,2004,16618,40mm,19500,"Black
sales guarantee (original), sales box (original)"
1404-186-6,Submariner Date  Certified Pre-Owned,2002,16610,40mm,12200,sales box (original)
1404-166-2,Submariner Date  Certified Pre-Owned,1996,16610,40mm,12100,Black
1404-167-3,Submariner Date  Certified Pre-Owned,1991,16610,40mm,12100,Black
1404-169-5,Submariner Date  Certified Pre-Owned,2000,16610,40mm,12100,Black
1404-119-5,Pearlmaster  Certified Pre-Owned,1995,69318,29mm,14000,"White
sales guarantee (original), sales box (original)"
1404-560-8,Datejust  Certified Pre-Owned,2007,116200,36mm,8400,"Silver
sales guarantee (original)"
1404-567-5,Cosmograph Daytona  Certified Pre-Owned,2005,116520,40mm,25500,Black
1404-200-7,Datejust  Certified Pre-Owned,2006,116200,36mm,8200,Blue
1404-402-5,Sky-Dweller  Certified Pre-Owned,,326938,42mm,47000,"Champagne
sales guarantee (original)"
1404-406-9,GMT-Master II  Certified Pre-Owned,,116710,40mm,18500,"Black
sales guarantee (original), sales box (original)"
1404-391-9,GMT-Master II  Certified Pre-Owned,,116710,40mm,14800,"Black
sales guarantee (original)"
1404-395-3,Datejust  Certified Pre-Owned,1991,16234,36mm,7600,Rose
1404-390-8,Datejust  Certified Pre-Owned,1990,68273,31mm,7200,Champagne
1404-399-7,Datejust  Certified Pre-Owned,1989,68273,31mm,7200,Black
1404-382-8,Submariner Date  Certified Pre-Owned,1999,16610,40mm,12100,Black
1404-388-4,GMT-Master II  Certified Pre-Owned,,116710,40mm,15000,"Black
sales guarantee (original), sales box (original)"
1404-387-3,Sea-Dweller  Certified Pre-Owned,2002,16600,40mm,12100,sales box (original)
1404-383-9,GMT-Master  Certified Pre-Owned,1999,16700,40mm,13600,sales box (original)
1404-188-8,GMT-Master II  Certified Pre-Owned,2004,16700,40mm,14000,Black
1404-158-2,Yacht-Master  Certified Pre-Owned,2004,16628,40mm,28800,"Grey
sales guarantee (original), sales box (original)"
1404-160-6,Submariner  Certified Pre-Owned,1999,14060,40mm,11600,sales box (original)
1404-161-7,Submariner  Certified Pre-Owned,2002,14060,40mm,11600,sales box (original)
1404-159-3,Submariner Date  Certified Pre-Owned,1995,16610,40mm,12200,Black
1404-154-8,Submariner Date  Certified Pre-Owned,1991,16610,40mm,12600,"Black
sales guarantee (original), sales box (original)"
1404-157-1,Submariner  Certified Pre-Owned,2000,16610,40mm,11600,sales box (original)
1404-156-0,Submariner Date  Certified Pre-Owned,2002,16610,40mm,12200,Black
1404-152-6,Cosmograph Daytona  Certified Pre-Owned,2001,116523,40mm,25000,"Black
sales guarantee (original), sales box (original)"
1404-128-6,Datejust  Certified Pre-Owned,1984,69173,26mm,6300,sales box (original)
1404-130-0,Datejust  Certified Pre-Owned,,126283,36mm,22000,"Silver
sales guarantee (original), sales box (original)"
1404-121-9,Datejust  Certified Pre-Owned,,279174,28mm,8000,Grey
1404-113-9,Datejust  Certified Pre-Owned,2002,78240,31mm,5000,Black
1404-104-8,Oyster Perpetual  Certified Pre-Owned,,114200,34mm,6900,"Silver
sales guarantee (original)"
1404-101-5,Turn-O-Graph  Certified Pre-Owned,1991,16264,36mm,7600,Black
1404-105-9,Oyster Perpetual  Certified Pre-Owned,,114300,39mm,9800,"Grey
sales guarantee (original), sales box (original)"
1404-102-6,Oyster Perpetual  Certified Pre-Owned,2006,114200,34mm,6600,Silver
1404-106-0,Turn-O-Graph  Certified Pre-Owned,1999,16264,36mm,8600,"Silver
sales guarantee (original)"
1404-088-5,Yacht-Master  Certified Pre-Owned,2002,16628,40mm,31000,sales box (original)
1404-099-8,Day-Date  Certified Pre-Owned,2282,228206,40mm,69000,"Blue
sales guarantee (original), sales box (original)"
1404-090-9,Milgauss  Certified Pre-Owned,2008,116400,40mm,12400,"Black
sales guarantee (original), sales box (original)"
1404-089-6,Sky-Dweller  Certified Pre-Owned,,326933,42mm,21000,"Black
sales guarantee (original), sales box (original)"
1404-094-3,Datejust  Certified Pre-Owned,1999,16234,36mm,7200,Silver
1404-043-2,Cosmograph Daytona  Certified Pre-Owned,2007,116520,40mm,25500,Black
1404-050-1,Cosmograph Daytona  Certified Pre-Owned,2007,116518,40mm,37000,"Black
sales guarantee (original), sales box (original)"
1404-049-8,Cosmograph Daytona  Certified Pre-Owned,2006,116523,40mm,23500,White
1404-044-3,Cosmograph Daytona  Certified Pre-Owned,2005,116528,40mm,47000,"Black
sales guarantee (original)"
1404-034-1,Submariner Date  Certified Pre-Owned,2004,116528,40mm,12100,Black
1404-040-9,Cosmograph Daytona  Certified Pre-Owned,2005,116518,40mm,36000,"White
sales guarantee (original), sales box (original)"
1404-041-0,Cosmograph Daytona  Certified Pre-Owned,,116515,40mm,45000,"Brown
sales guarantee (original), sales box (original)"
1404-031-8,Sea-Dweller  Certified Pre-Owned,2004,116515,40mm,12000,Black
1404-036-3,Cosmograph Daytona  Certified Pre-Owned,2005,116519,40mm,85000,"Chrysopras
sales guarantee (original)"
1404-030-7,Submariner  Certified Pre-Owned,2002,116519,40mm,12000,"Black
sales guarantee (original), sales box (original)"
1404-018-1,Explorer II  Certified Pre-Owned,,16570,40mm,10300,White
1404-019-2,Explorer II  Certified Pre-Owned,1993,16570,40mm,10800,"White
sales guarantee (original), sales box (original)"
1404-022-7,Yacht-Master  Certified Pre-Owned,,16622,40mm,12400,"Silver
sales guarantee (original)"
1404-150-4,Submariner Date  Certified Pre-Owned,2001,16610,40mm,12500,"Black
sales guarantee (original)"
1401-891-2,Submariner Date  Certified Pre-Owned,1995,16610,40mm,12100,Black
1401-858-1,Submariner Date  Certified Pre-Owned,2000,16610,40mm,12100,Black
1401-912-0,Submariner Date  Certified Pre-Owned,,116610,40mm,14000,"Black
sales guarantee (original), sales box (original)"
1401-863-8,Submariner Date  Certified Pre-Owned,2000,16610,40mm,12500,"Black
sales guarantee (original)"
1401-905-1,Submariner Date  Certified Pre-Owned,2006,16610,40mm,19500,"Black
sales guarantee (original), sales box (original)"
1403-518-2,Oyster Perpetual  Certified Pre-Owned,2007,114200,34mm,6500,White
1403-539-7,Cosmograph Daytona  Certified Pre-Owned,2006,116528,40mm,47000,Champagne
1403-542-2,Cosmograph Daytona  Certified Pre-Owned,2008,116528,40mm,120000,"Other
sales guarantee (original)"
1403-535-3,Cosmograph Daytona  Certified Pre-Owned,2006,116509,40mm,42000,"Black
sales guarantee (original)"
1403-533-1,Day-Date  Certified Pre-Owned,2001,118238,36mm,31000,Silver
1403-530-8,Day-Date  Certified Pre-Owned,2000,118208,36mm,28000,sales box (original)
1403-517-1,Datejust  Certified Pre-Owned,,69178,26mm,12000,Brown
1403-509-1,Submariner Date  Certified Pre-Owned,1979,16808,40mm,36000,sales box (original)
1403-505-7,Yacht-Master  Certified Pre-Owned,1998,16628,40mm,28000,Blue
1403-473-6,Sea-Dweller  Certified Pre-Owned,2002,16600,40mm,12500,"Black
sales guarantee (original), sales box (original)"
1402-841-6,Submariner Date  Certified Pre-Owned,1999,16610,40mm,12500,"Black
sales guarantee (original)"
1402-863-2,Deepsea  Certified Pre-Owned,2010,116660,44mm,14500,"Black
sales guarantee (original), sales box (original)"
1402-845-0,Submariner Date  Certified Pre-Owned,1995,16610,40mm,12600,"Black
sales guarantee (original), sales box (original)"
1402-819-8,GMT-Master II  Certified Pre-Owned,2000,16710,40mm,13900,"Black
sales guarantee (original)"
1403-243-4,Submariner Date  Certified Pre-Owned,1989,16610,40mm,12100,Black
1402-846-1,Explorer  Certified Pre-Owned,2005,114270,36mm,7400,"Black
sales guarantee (original)"
1402-826-7,Sea-Dweller  Certified Pre-Owned,2000,16600,40mm,11900,"Black
sales guarantee (original)"
1402-825-6,Sea-Dweller  Certified Pre-Owned,1995,16600,40mm,11500,Black
1400-493-8,Submariner Date  Certified Pre-Owned,2007,16600,40mm,19000,Black
1401-928-8,Submariner  Certified Pre-Owned,2001,16600,40mm,11500,Black
1401-875-2,Submariner Date  Certified Pre-Owned,2000,16610,40mm,12600,"Black
sales guarantee (original), sales box (original)"
1401-874-1,Submariner Date  Certified Pre-Owned,,16610,40mm,12100,Black
1402-158-4,Explorer II  Certified Pre-Owned,2006,16570,40mm,9500,Black
1402-160-8,Explorer II  Certified Pre-Owned,1993,16570,40mm,9500,Black
1401-936-8,Explorer  Certified Pre-Owned,2005,114270,36mm,7400,"Black
sales guarantee (original)"
1401-868-3,Submariner Date  Certified Pre-Owned,1993,16610,40mm,12600,"Black
sales guarantee (original), sales box (original)"
1401-459-0,Yacht-Master  Certified Pre-Owned,1999,16622,40mm,12400,"Silver
sales guarantee (original)"
1400-950-2,Datejust  Certified Pre-Owned,2010,116234,36mm,11500,"Black
sales guarantee (original), sales box (original)"
1400-734-6,Yacht-Master  Certified Pre-Owned,2005,16628,40mm,31000,White
1400-928-4,Cosmograph Daytona  Certified Pre-Owned,1991,16528,40mm,50000,Champagne
1400-966-0,Submariner  Certified Pre-Owned,2004,16528,40mm,11900,"Black
sales guarantee (original)"
1400-971-7,Submariner  Certified Pre-Owned,2000,16528,40mm,11600,Black
1400-964-8,Submariner  Certified Pre-Owned,2005,16528,40mm,11600,Black
1400-924-0,Submariner Date  Certified Pre-Owned,2008,116619,40mm,42000,sales box (original)
1400-937-5,Yacht-Master  Certified Pre-Owned,2002,16622,40mm,12400,"Silver
sales guarantee (original)"
1400-909-1,Deepsea  Certified Pre-Owned,2010,116660,44mm,14500,"Black
sales guarantee (original), sales box (original)"
1400-908-0,Deepsea  Certified Pre-Owned,,116660,44mm,14500,"Black
sales guarantee (original), sales box (original)"
1399-451-9,Submariner Date  Certified Pre-Owned,,116610,40mm,13500,Black
1402-190-4,Sea-Dweller  Certified Pre-Owned,2006,116610,40mm,12000,Black
1402-177-7,Cosmograph Daytona  Certified Pre-Owned,2006,116509,40mm,42000,"Black
sales guarantee (original)"
1402-161-9,Explorer II  Certified Pre-Owned,2005,116509,40mm,9500,Black
1402-155-1,Yacht-Master  Certified Pre-Owned,2004,16628,40mm,27000,Champagne
1401-966-4,Datejust  Certified Pre-Owned,,116200,36mm,8500,"Silver
sales guarantee (original), sales box (original)"
1401-944-8,Sea-Dweller  Certified Pre-Owned,2001,16600,40mm,12100,sales box (original)
1401-851-4,Submariner Date  Certified Pre-Owned,2006,16610,40mm,12600,"Black
sales guarantee (original), sales box (original)"
1401-950-6,Explorer  Certified Pre-Owned,2004,114270,36mm,7100,sales box (original)
1401-877-4,Submariner Date  Certified Pre-Owned,2000,16610,40mm,12600,"Black
sales guarantee (original), sales box (original)"
1401-881-0,Submariner Date  Certified Pre-Owned,2002,16610,40mm,12600,"Black
sales guarantee (original), sales box (original)"
1401-885-4,Submariner Date  Certified Pre-Owned,2000,16610,40mm,12100,Black
1401-942-6,Sea-Dweller  Certified Pre-Owned,2000,16600,40mm,12000,Black
1401-930-2,Submariner  Certified Pre-Owned,2001,16600,40mm,11500,Black
1401-865-0,Submariner Date  Certified Pre-Owned,1996,16610,40mm,12100,Black
1401-987-9,Deepsea  Certified Pre-Owned,,116660,44mm,14500,"Black
sales guarantee (original), sales box (original)"
1401-940-4,Sea-Dweller  Certified Pre-Owned,,16600,40mm,12500,sales box (original)
1401-882-1,Submariner Date  Certified Pre-Owned,1995,16610,40mm,12100,Black
1401-890-1,Submariner Date  Certified Pre-Owned,1991,16610,40mm,12100,Black
1401-861-6,Submariner Date  Certified Pre-Owned,1991,16610,40mm,12500,"Black
sales guarantee (original)"
1401-862-7,Submariner Date  Certified Pre-Owned,1991,16610,40mm,12500,"Black
sales guarantee (original)"
1401-859-2,Submariner Date  Certified Pre-Owned,2001,16610,40mm,12100,Black
1401-860-5,Submariner Date  Certified Pre-Owned,2004,16610,40mm,12100,Black
1400-960-4,Day-Date  Certified Pre-Owned,,16610,36mm,32000,"Brown
sales guarantee (original)"
1400-953-5,Explorer II  Certified Pre-Owned,2002,16610,40mm,9800,Black
1400-939-7,Yacht-Master  Certified Pre-Owned,,168622,35mm,8900,sales box (original)
1400-944-4,Yacht-Master  Certified Pre-Owned,,169622,29mm,8900,"Silver
sales guarantee (original), sales box (original)"
1374-819-7,Submariner  Certified Pre-Owned,1995,14060,40mm,11900,Black
1374-841-5,GMT-Master  Certified Pre-Owned,1998,16700,40mm,13500,Black
1374-849-3,Cosmograph Daytona  Certified Pre-Owned,2002,116523,40mm,24000,"Champagne
sales guarantee (original), sales box (original)"
1374-837-9,Cosmograph Daytona  Certified Pre-Owned,2008,116520,40mm,27800,sales box (original)
1374-468-4,Cosmograph Daytona  Certified Pre-Owned,2004,116509,40mm,45000,"Silver
sales guarantee (original), sales box (original)"
1400-681-0,Submariner Date  Certified Pre-Owned,2000,16610,40mm,12600,Black
1400-701-7,Day-Date  Certified Pre-Owned,1991,18239,36mm,24200,Champagne
1400-693-4,Submariner  Certified Pre-Owned,2004,18239,40mm,11900,Black
1400-665-0,Submariner Date  Certified Pre-Owned,2002,16610,40mm,12600,"Black
sales guarantee (original), sales box (original)"
1400-699-0,Yacht-Master  Certified Pre-Owned,2004,16622,40mm,12000,Silver
1400-661-6,Oyster Perpetual  Certified Pre-Owned,2008,114200,34mm,7200,"White
sales guarantee (original)"
1400-689-8,Cosmograph Daytona  Certified Pre-Owned,1999,16523,40mm,25500,White
1400-408-5,Deepsea  Certified Pre-Owned,,116660,44mm,14500,"Black
sales guarantee (original), sales box (original)"
1400-289-6,Oyster Perpetual  Certified Pre-Owned,2006,114200,34mm,7000,"White
sales guarantee (original)"
1400-285-2,Oysterquartz  Certified Pre-Owned,1979,19019,36mm,28900,Blue
1400-261-4,Cosmograph Daytona  Certified Pre-Owned,2007,116523,40mm,23000,"Silver
sales guarantee (original), sales box (original)"
1400-238-5,Submariner Date  Certified Pre-Owned,2005,116523,40mm,44000,"Silver
sales guarantee (original), sales box (original)"
1400-245-4,GMT-Master II  Certified Pre-Owned,,116710,40mm,18500,"Black
sales guarantee (original), sales box (original)"
1400-235-2,Submariner  Certified Pre-Owned,,116710,40mm,11900,Black
1400-059-4,GMT-Master II  Certified Pre-Owned,,116710,40mm,14400,"Black
sales guarantee (original), sales box (original)"
1400-027-6,Sea-Dweller  Certified Pre-Owned,1995,16600,40mm,12000,Black
1400-128-0,Oyster Perpetual  Certified Pre-Owned,,116034,36mm,8400,"Silver
sales guarantee (original)"
1400-097-0,Datejust  Certified Pre-Owned,2002,16200,36mm,7000,Black
1400-055-0,Cosmograph Daytona  Certified Pre-Owned,2004,116509,40mm,43000,"Black
sales guarantee (original), sales box (original)"
1400-050-5,Cosmograph Daytona  Certified Pre-Owned,1991,16528,40mm,52000,Black
1399-116-7,Submariner Date  Certified Pre-Owned,,16618,40mm,37000,Black
1399-011-9,Submariner Date  Certified Pre-Owned,2008,16610,40mm,12500,"Black
sales guarantee (original)"
1399-010-8,GMT-Master II  Certified Pre-Owned,,16710,40mm,13500,Black
1399-004-0,Submariner Date  Certified Pre-Owned,2008,116610,40mm,13500,Black
1399-086-8,GMT-Master II  Certified Pre-Owned,2000,16710,40mm,13500,Black
1399-007-3,Deepsea  Certified Pre-Owned,2008,116660,44mm,14000,Black
1399-080-2,GMT-Master II  Certified Pre-Owned,2006,116660,40mm,14500,Black
1398-879-9,GMT-Master  Certified Pre-Owned,1991,16700,40mm,13500,Black
1398-881-3,GMT-Master II  Certified Pre-Owned,1990,16710,40mm,13500,Black
1398-878-8,GMT-Master  Certified Pre-Owned,1996,16700,40mm,13500,Black
1398-876-6,Submariner Date  Certified Pre-Owned,2007,16610,40mm,12200,Black
1398-314-7,Date  Certified Pre-Owned,2008,115234,34mm,9200,"Black
sales guarantee (original), sales box (original)"
1398-236-0,Sea-Dweller  Certified Pre-Owned,1997,16600,40mm,12000,Black
1397-947-0,Explorer II  Certified Pre-Owned,2001,16570,40mm,9800,Black
1398-229-1,Sea-Dweller  Certified Pre-Owned,1996,16600,40mm,12000,Black
1385-024-1,Yacht-Master  Certified Pre-Owned,2002,168622,35mm,8500,Silver
1384-943-7,Day-Date  Certified Pre-Owned,1993,18239,36mm,24200,Silver
1384-928-8,Yacht-Master  Certified Pre-Owned,1999,16622,40mm,12500,"Silver
sales guarantee (original), sales box (original)"
1384-915-3,Submariner  Certified Pre-Owned,2001,14060,40mm,11900,Black
1384-944-8,Day-Date  Certified Pre-Owned,1993,18239,36mm,24500,"Champagne
sales guarantee (original), sales box (original)"
1366-358-0,Cosmograph Daytona  Certified Pre-Owned,1993,16528,40mm,52000,"White
sales guarantee (original)"
1375-019-7,Submariner  Certified Pre-Owned,,114060,40mm,13400,"Black
sales guarantee (original)"
1375-017-5,Submariner  Certified Pre-Owned,,114060,40mm,13400,"Black
sales guarantee (original)"
1375-015-3,Submariner  Certified Pre-Owned,,114060,40mm,13400,"Black
sales guarantee (original)"
1374-973-6,GMT-Master II  Certified Pre-Owned,1993,16710,40mm,13500,Black
1374-967-8,GMT-Master  Certified Pre-Owned,1996,16700,40mm,13500,Black
1374-971-4,GMT-Master  Certified Pre-Owned,1997,16700,40mm,13500,Black
1374-964-5,GMT-Master  Certified Pre-Owned,1999,16700,40mm,13500,Black
1374-271-3,GMT-Master  Certified Pre-Owned,1997,16700,40mm,13900,"Black
sales guarantee (original)"
1374-270-2,GMT-Master  Certified Pre-Owned,1991,16700,40mm,13500,Black
1374-239-3,GMT-Master II  Certified Pre-Owned,2001,16710,40mm,13500,Black
1374-267-7,GMT-Master  Certified Pre-Owned,1996,16700,40mm,13500,Black
1374-219-9,GMT-Master II  Certified Pre-Owned,2005,16710,40mm,13500,Black
1374-222-4,GMT-Master II  Certified Pre-Owned,2002,16710,40mm,13500,Black
1374-169-6,Day-Date  Certified Pre-Owned,1993,18239,36mm,24200,Silver
1373-933-4,Day-Date  Certified Pre-Owned,2182,218239,41mm,40000,Black
1373-924-3,Day-Date  Certified Pre-Owned,1999,18239,36mm,23500,Silver
1373-917-4,Day-Date  Certified Pre-Owned,1995,18346,36mm,34000,Silver
1373-919-6,Day-Date  Certified Pre-Owned,2000,118206,36mm,36000,"Mother-of-pearl
sales guarantee (original)"
1373-914-1,Day-Date  Certified Pre-Owned,2000,118239,36mm,32000,Silver
1373-864-8,GMT-Master II  Certified Pre-Owned,2002,16710,40mm,13900,"Black
sales guarantee (original)"
1373-860-4,GMT-Master II  Certified Pre-Owned,2001,16710,40mm,13900,"Black
sales guarantee (original)"
1371-793-2,Cosmograph Daytona  Certified Pre-Owned,2005,116520,40mm,28500,"White
sales guarantee (original)"
1371-778-3,Cosmograph Daytona  Certified Pre-Owned,2010,116520,40mm,27500,"Black
sales guarantee (original)"
1371-776-1,Cosmograph Daytona  Certified Pre-Owned,2003,116520,40mm,27500,"Black
sales guarantee (original)"
1371-895-7,Submariner  Certified Pre-Owned,2018,114060,40mm,13400,"Black
sales guarantee (original)"
1369-472-3,Day-Date  Certified Pre-Owned,2007,118238,36mm,29000,Champagne
1369-460-9,Cosmograph Daytona  Certified Pre-Owned,2009,116520,40mm,27500,Black
1369-462-1,Cosmograph Daytona  Certified Pre-Owned,2004,116520,40mm,28500,White
1369-454-1,Day-Date  Certified Pre-Owned,2001,118239,36mm,32000,Silver
1369-453-0,Cosmograph Daytona  Certified Pre-Owned,2004,116520,40mm,27800,"Black
sales guarantee (original)"
1368-853-8,Cosmograph Daytona  Certified Pre-Owned,1995,16528,40mm,50000,Black
1364-029-8,Submariner Date  Certified Pre-Owned,,116618,40mm,40000,"Blue
sales guarantee (original)"
1364-016-3,Submariner Date  Certified Pre-Owned,,116618,40mm,40000,"Blue
sales guarantee (original)"
1366-094-5,Sky-Dweller  Certified Pre-Owned,,326138,42mm,35000,"Black
sales guarantee (original)"
1366-084-3,Sky-Dweller  Certified Pre-Owned,,326138,42mm,35000,"Black
sales guarantee (original)"
1366-035-4,Sky-Dweller  Certified Pre-Owned,,326135,42mm,38000,"White
sales guarantee (original)"
1366-028-5,Sky-Dweller  Certified Pre-Owned,,326135,42mm,38000,"White
sales guarantee (original)"
1366-024-1,Sky-Dweller  Certified Pre-Owned,,326135,42mm,38000,"White
sales guarantee (original)"
1365-960-8,Day-Date  Certified Pre-Owned,,118135,36mm,24500,"Silver
sales guarantee (original)"
1362-640-3,Submariner Date  Certified Pre-Owned,1986,16800,40mm,13000,Black
1355-410-6,Explorer II  Certified Pre-Owned,2002,16570,40mm,10200,"Black
sales guarantee (original)"
1355-472-0,Sea-Dweller  Certified Pre-Owned,1991,16600,40mm,12000,Black
1352-565-2,Explorer  Certified Pre-Owned,2002,114270,36mm,7900,Black
